date,Computador,Zapatos,Tenis,Arturo Calle,H&M,isPartial,Zara,Stradivarius,Gef,Leonisa,Punto blanco,isPartial,naf naf,Falabella,Homecenter,Mercado libre,Éxito,isPartial,Jumbo,Chevrolet,Mazda,Renault,Toyota,isPartial,Honda,Hyundai,Carros usados,Carro,Crédito,isPartial,Juguetes,Utiles,Celular,Adidas,Nike,isPartial,San Andresito,El hueco,San Victorino,Electrodomésticos,Nevera,isPartial,Secador,Plancha,Airfryer,Lavadora,televisor,isPartial,asador,plasma,led,reloj,perfume,isPartial,medias,ropa interior,boxers,vestidos de baño,Decathlon,isPartial,Portatil,Apple,Iphone,samsumg,parlante,isPartial,Alkosto,Ktronix,cerveza,aguardiente,whisky,isPartial,vino,poker,aguila,antioqueño,licores,isPartial,hotel,hoteles,smartphone,restaurante,corabastos,isPartial,licor,viaje,dolar,prestamo,importar,isPartial,exportar,isPartial
2020-08-02,7,10,21,0,30,False,53,7,0,1,0,False,2,31,8,100,1,False,13,21,22,27,74,False,97,35,1,27,5,False,3,0,33,34,71,False,2,5,2,19,74,False,11,33,18,34,13,False,1,10,74,8,27,False,4,3,4,0,95,False,1,32,55,0,0,False,19,4,39,1,46,False,49,55,8,1,2,False,82,3,3,7,0,False,0,1,17,1,0,False,75,False
2020-08-09,7,9,22,0,29,False,51,6,0,1,0,False,2,34,8,100,1,False,14,22,22,26,71,False,93,36,1,27,5,False,3,0,33,35,68,False,3,5,2,17,72,False,10,32,18,33,13,False,1,9,72,8,26,False,4,3,4,0,90,False,1,32,56,0,0,False,17,3,31,1,42,False,51,53,9,1,2,False,79,3,3,7,0,False,0,1,15,1,0,False,76,False
2020-08-16,7,9,22,0,29,False,59,6,0,1,0,False,2,31,9,93,1,False,13,22,22,25,71,False,93,36,1,26,5,False,3,0,33,34,68,False,2,6,2,18,69,False,11,31,20,32,15,False,1,10,74,8,26,False,4,3,4,0,85,False,1,34,55,0,0,False,17,3,31,1,44,False,50,55,8,1,2,False,80,3,3,8,0,False,0,1,14,1,0,False,73,False
2020-08-23,6,10,25,0,32,False,52,6,0,1,0,False,2,27,8,88,1,False,13,22,20,25,69,False,90,34,1,26,5,False,3,0,30,34,74,False,2,6,1,17,65,False,11,28,19,32,13,False,1,12,69,8,26,False,4,3,4,0,77,False,1,33,53,0,0,False,15,3,32,1,43,False,50,57,9,1,2,False,72,2,3,7,0,False,0,1,12,1,0,False,75,False
2020-08-30,7,10,25,0,33,False,54,6,0,1,0,False,2,45,9,89,1,False,13,21,20,28,74,False,90,37,1,26,5,False,3,0,30,35,70,False,2,7,2,18,60,False,10,28,18,33,13,False,1,10,75,9,29,False,4,3,5,0,79,False,1,35,51,0,0,False,15,3,32,1,46,False,49,54,8,1,2,False,72,2,3,8,0,False,0,1,13,0,0,False,75,False
2020-09-06,6,10,26,0,31,False,55,7,0,1,0,False,2,25,7,84,1,False,12,21,21,25,70,False,91,35,1,25,5,False,2,0,31,34,65,False,2,7,1,16,57,False,9,28,18,30,13,False,1,11,74,9,27,False,5,3,4,0,72,False,1,34,54,0,0,False,13,3,31,1,46,False,50,51,9,0,2,False,69,2,3,8,0,False,0,1,12,1,0,False,76,False
2020-09-13,6,10,26,0,31,False,55,7,0,1,0,False,2,24,6,79,1,False,13,22,20,25,71,False,87,35,1,27,5,False,2,0,30,31,63,False,2,6,1,16,55,False,9,25,16,29,12,False,1,11,72,8,28,False,4,3,4,0,70,False,1,48,58,0,0,False,12,3,31,1,46,False,50,49,10,1,2,False,64,2,3,7,0,False,0,1,14,0,0,False,76,False
2020-09-20,6,10,26,0,33,False,60,7,0,1,0,False,2,23,6,80,1,False,12,22,20,25,70,False,84,33,1,26,5,False,2,0,29,32,65,False,2,6,1,17,51,False,10,23,18,30,12,False,1,11,73,9,28,False,5,3,4,0,71,False,1,40,61,0,0,False,12,2,31,1,48,False,48,48,11,0,2,False,60,2,2,8,0,False,0,1,13,0,0,False,79,False
2020-09-27,6,11,28,0,37,False,62,8,0,1,0,False,2,24,6,84,1,False,12,21,20,26,66,False,88,33,1,26,5,False,2,0,29,32,66,False,2,5,1,18,52,False,9,23,18,30,13,False,1,10,74,9,29,False,5,3,4,0,71,False,1,35,55,0,0,False,12,2,30,1,45,False,50,48,12,0,2,False,64,2,3,8,0,False,0,1,15,0,0,False,74,False
2020-10-04,5,11,34,0,36,False,65,8,0,1,0,False,2,22,6,78,1,False,12,21,19,26,67,False,85,33,1,27,5,False,2,0,30,31,64,False,2,5,1,16,49,False,9,22,17,30,12,False,1,10,77,9,28,False,5,3,4,0,65,False,1,35,54,0,0,False,11,2,31,1,46,False,50,47,15,0,2,False,70,2,2,7,0,False,0,1,14,1,0,False,73,False
2020-10-11,5,11,26,0,34,False,63,8,0,1,0,False,2,20,6,79,1,False,12,21,19,25,66,False,84,33,1,26,5,False,3,0,28,30,67,False,2,5,1,17,50,False,9,23,19,29,12,False,1,10,79,9,29,False,5,3,4,0,67,False,1,48,93,0,0,False,11,2,31,1,47,False,52,47,17,0,2,False,58,2,3,7,0,False,0,1,13,0,0,False,69,False
2020-10-18,5,11,24,0,34,False,62,7,0,1,0,False,2,23,6,77,1,False,12,21,19,23,67,False,85,34,1,26,5,False,3,0,30,32,63,False,2,5,1,18,50,False,9,22,20,29,12,False,1,10,80,9,29,False,5,3,4,0,63,False,1,36,67,0,0,False,12,2,31,1,47,False,50,46,15,0,2,False,55,2,3,6,0,False,0,1,14,0,0,False,67,False
2020-10-25,5,10,22,0,33,False,57,7,0,1,0,False,2,19,6,78,1,False,12,22,18,23,66,False,84,32,1,28,5,False,3,0,29,31,62,False,2,5,1,17,50,False,10,23,20,29,12,False,1,10,84,10,30,False,5,3,4,0,70,False,1,35,62,0,0,False,11,2,31,1,48,False,47,46,14,1,2,False,51,2,3,6,0,False,0,1,19,0,0,False,72,False
2020-11-01,5,10,23,0,30,False,61,7,0,1,0,False,2,32,7,80,1,False,12,19,17,21,57,False,72,30,1,24,4,False,3,0,27,28,61,False,2,5,1,17,48,False,10,22,18,30,12,False,1,9,74,8,30,False,4,3,4,0,67,False,1,32,59,0,0,False,11,2,28,1,47,False,46,44,15,0,2,False,43,2,3,6,0,False,0,1,19,0,0,False,63,False
2020-11-08,5,11,25,0,34,False,64,9,0,1,0,False,2,21,6,88,1,False,13,20,19,23,64,False,81,32,1,26,5,False,4,0,32,32,70,False,3,6,1,18,51,False,10,24,22,34,13,False,1,10,92,9,36,False,5,3,5,0,75,False,1,36,66,0,0,False,13,3,31,1,54,False,52,51,24,1,3,False,47,2,3,6,0,False,0,1,32,1,0,False,72,False
2020-11-15,5,11,30,0,32,False,64,9,0,1,0,False,2,25,8,81,2,False,14,22,18,23,60,False,80,31,1,26,5,False,4,0,31,33,75,False,3,6,1,20,55,False,11,24,23,34,15,False,1,11,91,9,38,False,5,3,5,0,72,False,1,34,65,0,0,False,35,8,32,2,56,False,53,49,16,0,3,False,45,2,3,6,0,False,0,1,20,0,0,False,74,False
2020-11-22,6,11,28,0,43,False,98,13,0,1,0,False,2,30,7,84,2,False,13,20,19,23,64,False,82,30,1,26,5,False,5,0,32,44,96,False,3,5,1,22,55,False,15,26,33,38,16,False,1,10,98,10,47,False,5,3,7,0,90,False,1,42,66,0,0,False,25,6,33,1,63,False,52,50,13,0,2,False,45,2,4,6,0,False,0,1,18,0,0,False,65,False
2020-11-29,5,11,27,0,36,False,71,9,0,1,0,False,3,28,6,83,1,False,14,20,18,23,67,False,74,29,1,28,5,False,5,0,30,37,83,False,3,5,2,19,51,False,11,24,26,30,12,False,1,10,96,10,47,False,5,3,7,0,83,False,1,37,62,0,0,False,16,3,32,1,64,False,54,50,13,0,2,False,46,2,4,6,0,False,0,1,15,0,0,False,75,False
2020-12-06,5,12,27,0,36,False,66,9,0,1,0,False,2,26,6,82,1,False,15,21,17,23,63,False,76,31,1,27,5,False,6,0,30,35,78,False,3,5,1,18,44,False,12,25,26,30,12,False,1,11,95,10,47,False,5,3,7,0,84,False,1,35,60,0,0,False,13,3,34,2,69,False,64,52,10,0,3,False,46,2,3,6,0,False,0,1,14,0,0,False,68,False
2020-12-13,4,12,25,0,35,False,70,9,0,1,0,False,2,29,5,87,1,False,15,22,17,24,64,False,76,31,1,27,5,False,7,0,29,33,78,False,4,5,2,17,48,False,11,25,26,28,11,False,1,10,85,11,50,False,5,3,6,0,75,False,1,34,58,0,0,False,15,3,37,2,74,False,71,49,11,1,3,False,46,2,3,7,0,False,0,1,14,0,0,False,61,False
2020-12-20,4,12,23,0,30,False,70,8,0,1,0,False,2,24,5,79,1,False,20,20,17,21,62,False,77,32,1,25,4,False,6,0,27,34,78,False,4,4,1,16,48,False,10,30,30,26,11,False,1,9,86,12,53,False,5,3,6,0,68,False,1,40,63,0,0,False,14,3,42,2,96,False,97,65,9,1,4,False,46,2,3,7,0,False,0,1,13,0,0,False,48,False
2020-12-27,3,10,19,0,31,False,72,9,0,1,0,False,2,21,5,71,1,False,16,21,19,23,69,False,81,30,1,26,4,False,5,0,26,32,70,False,2,4,1,16,48,False,11,29,36,30,11,False,1,9,83,11,37,False,4,4,5,0,79,False,1,37,62,0,0,False,10,2,40,2,85,False,85,71,9,1,3,False,54,2,3,7,0,False,0,1,14,0,0,False,46,False
2021-01-03,4,10,18,0,29,False,74,11,0,1,0,False,2,21,5,78,1,False,12,21,19,24,66,False,83,33,1,28,5,False,5,0,29,28,65,False,2,4,1,17,49,False,11,23,31,33,11,False,1,9,77,10,30,False,4,3,4,0,86,False,1,33,57,0,0,False,12,2,28,1,52,False,49,56,8,1,2,False,49,2,3,6,0,False,0,1,16,0,0,False,54,False
2021-01-10,5,9,19,0,27,False,64,9,0,1,0,False,2,19,6,74,1,False,12,21,19,25,67,False,78,34,1,27,5,False,2,0,28,29,63,False,2,5,1,18,49,False,10,21,31,34,11,False,1,9,78,9,27,False,4,3,4,0,84,False,1,32,55,0,0,False,12,3,28,1,46,False,46,54,9,1,2,False,44,2,2,5,0,False,0,1,14,0,0,False,60,False
2021-01-17,5,9,18,0,27,False,69,9,0,1,0,False,2,17,6,77,1,False,12,22,20,26,72,False,84,34,1,27,5,False,2,0,27,29,63,False,2,5,1,17,52,False,9,23,29,33,11,False,1,10,77,9,28,False,4,3,4,0,76,False,1,31,54,0,0,False,13,3,30,1,52,False,47,52,11,0,2,False,49,2,2,5,0,False,0,1,13,0,0,False,68,False
2021-01-24,5,9,18,0,29,False,63,9,0,1,0,False,2,18,6,74,1,False,11,21,20,25,68,False,80,32,1,28,5,False,2,0,27,28,61,False,2,5,1,17,48,False,9,23,28,32,11,False,1,10,76,9,27,False,4,3,5,0,69,False,1,31,48,0,0,False,13,3,30,1,51,False,48,53,11,0,2,False,48,2,2,5,0,False,0,1,12,0,0,False,64,False
2021-01-31,6,9,21,0,27,False,63,8,0,1,0,False,2,18,5,73,1,False,12,20,19,25,65,False,81,35,1,26,5,False,2,0,28,27,67,False,2,4,1,17,53,False,9,23,27,32,11,False,1,10,77,9,28,False,4,3,5,0,68,False,1,30,50,0,0,False,14,3,30,1,48,False,47,53,12,0,2,False,48,2,2,5,0,False,0,1,14,0,0,False,67,False
2021-02-07,6,9,25,0,27,False,58,8,0,1,0,False,2,18,5,72,1,False,11,19,19,25,66,False,78,32,1,25,5,False,2,0,28,26,60,False,2,5,1,16,50,False,9,23,26,30,11,False,1,9,71,9,30,False,4,3,4,0,71,False,1,28,50,0,0,False,13,3,33,1,48,False,48,51,11,0,2,False,55,2,2,6,0,False,0,1,13,0,0,False,63,False
2021-02-14,6,9,28,0,27,False,56,8,0,1,0,False,2,17,5,70,1,False,11,20,18,27,65,False,80,32,1,26,5,False,2,0,27,28,58,False,2,6,1,16,50,False,9,22,26,30,11,False,1,9,72,9,28,False,4,3,4,0,65,False,1,27,50,0,0,False,12,3,28,1,47,False,51,55,12,0,2,False,61,2,2,6,0,False,0,1,13,0,0,False,60,False
2021-02-21,7,10,21,0,28,False,59,7,0,1,0,False,2,18,5,71,1,False,11,21,20,25,70,False,85,36,1,27,5,False,2,0,29,29,63,False,2,5,1,17,52,False,9,24,26,31,11,False,1,10,75,8,28,False,4,3,4,0,71,False,1,31,48,0,0,False,12,2,30,1,46,False,45,79,15,0,2,False,51,2,2,6,0,False,0,1,15,0,0,False,69,False
2021-02-28,6,9,22,0,30,False,58,7,0,1,0,False,2,18,5,71,1,False,11,20,20,24,70,False,85,34,1,25,5,False,2,0,29,33,68,False,2,5,1,16,52,False,9,24,25,29,11,False,1,9,69,9,28,False,4,3,4,0,70,False,1,29,47,0,0,False,11,2,30,1,47,False,45,64,14,0,2,False,51,2,2,6,0,False,0,1,14,0,0,False,71,False
2021-03-07,7,10,22,0,32,False,56,7,0,1,0,False,2,17,5,67,1,False,11,21,20,26,71,False,86,34,1,25,5,False,2,0,31,30,64,False,2,5,1,15,50,False,9,24,24,29,11,False,1,9,66,8,27,False,4,2,4,0,70,False,1,27,45,0,0,False,10,2,31,1,46,False,47,53,12,0,2,False,50,3,2,6,0,False,0,1,15,0,0,False,68,False
2021-03-14,7,10,22,0,30,False,53,6,0,1,0,False,2,17,5,66,1,False,11,21,21,25,73,False,92,33,1,27,5,False,2,0,31,31,64,False,4,5,1,17,49,False,9,23,23,31,11,False,1,9,73,8,28,False,4,3,4,0,70,False,1,27,47,0,0,False,10,2,32,1,48,False,48,53,11,0,2,False,52,3,2,6,0,False,0,1,14,0,0,False,67,False
2021-03-21,7,10,21,0,32,False,55,7,0,1,0,False,2,19,5,71,1,False,12,21,20,24,73,False,87,32,1,27,5,False,2,0,32,31,68,False,2,5,1,16,50,False,8,24,24,30,11,False,1,8,68,8,26,False,5,3,4,0,70,False,1,28,49,0,0,False,10,2,30,1,48,False,47,52,15,0,2,False,53,3,2,6,0,False,0,1,25,0,0,False,69,False
2021-03-28,6,10,24,0,33,False,56,8,0,1,0,False,2,21,5,65,1,False,13,20,21,23,74,False,89,33,1,25,5,False,2,0,28,32,82,False,2,5,1,15,53,False,8,27,25,29,11,False,1,8,65,8,28,False,4,3,4,0,83,False,1,27,48,0,0,False,11,2,32,1,48,False,52,54,17,1,2,False,55,3,2,7,0,False,0,1,19,0,0,False,58,False
2021-04-04,7,10,22,0,32,False,52,7,0,1,0,False,2,20,5,69,1,False,14,20,20,24,70,False,89,34,1,25,6,False,2,0,31,31,68,False,2,5,1,16,54,False,9,27,23,30,11,False,1,8,66,8,27,False,5,3,4,0,78,False,1,26,49,0,0,False,11,2,30,1,46,False,46,51,15,0,2,False,53,3,2,6,0,False,0,1,14,1,0,False,66,False
2021-04-11,7,10,23,0,31,False,53,7,0,1,0,False,2,19,5,69,1,False,13,20,20,24,69,False,85,34,1,27,6,False,2,0,32,31,66,False,2,5,1,17,56,False,10,29,25,30,11,False,1,9,66,8,27,False,5,3,4,0,75,False,1,26,44,0,0,False,11,2,31,1,44,False,47,48,15,0,2,False,52,2,2,6,0,False,0,1,14,1,0,False,72,False
2021-04-18,6,11,27,0,30,False,54,7,0,1,0,False,2,24,5,71,1,False,13,21,21,24,75,False,87,35,1,27,6,False,2,0,31,32,67,False,2,6,1,18,59,False,11,32,24,32,12,False,1,11,66,8,29,False,5,3,4,0,80,False,1,31,49,0,0,False,12,2,33,1,46,False,49,49,13,1,2,False,53,3,2,6,0,False,0,1,15,1,0,False,77,False
2021-04-25,6,10,25,0,29,False,54,7,0,1,0,False,2,22,5,68,1,False,14,20,20,23,70,False,84,34,1,27,6,False,2,0,32,30,66,False,2,6,1,18,53,False,11,30,24,31,12,False,1,13,62,9,31,False,5,3,4,0,77,False,1,29,48,0,0,False,12,2,31,1,45,False,48,48,11,1,2,False,54,2,2,7,0,False,0,1,16,0,0,False,71,False
2021-05-02,6,10,27,0,31,False,53,7,0,1,0,False,2,24,5,70,1,False,14,19,20,22,70,False,84,31,1,26,6,False,2,0,31,31,65,False,2,5,1,17,52,False,12,30,24,30,12,False,1,12,67,8,33,False,5,3,4,0,78,False,1,27,48,0,0,False,11,2,30,1,48,False,48,48,10,0,2,False,59,3,2,7,0,False,0,1,14,1,0,False,71,False
2021-05-09,6,12,34,0,31,False,56,7,0,1,0,False,2,23,5,77,1,False,14,20,20,23,68,False,87,32,1,26,6,False,2,0,31,31,67,False,2,5,1,18,58,False,12,32,24,30,12,False,1,11,64,9,32,False,5,3,5,0,79,False,1,28,49,0,0,False,11,2,32,1,51,False,51,53,9,0,2,False,65,3,2,8,0,False,0,1,15,1,0,False,79,False
2021-05-16,6,12,28,0,30,False,57,7,0,1,0,False,2,20,5,66,1,False,13,19,20,23,72,False,86,33,1,27,6,False,2,0,31,29,65,False,2,5,1,16,59,False,12,29,22,31,12,False,1,10,63,8,30,False,5,3,4,0,77,False,1,28,49,0,0,False,10,2,32,1,47,False,50,47,8,0,2,False,70,3,2,7,0,False,0,1,14,1,0,False,76,False
2021-05-23,6,11,26,0,30,False,54,7,0,1,0,False,2,21,5,73,1,False,13,19,19,23,69,False,85,33,1,27,6,False,2,0,30,30,64,False,2,5,1,16,57,False,11,31,22,31,12,False,1,9,62,8,30,False,5,3,4,0,78,False,1,30,48,0,0,False,10,2,32,1,48,False,49,48,8,0,2,False,66,3,2,7,0,False,0,1,14,0,0,False,77,False
2021-05-30,6,12,34,0,32,False,55,7,0,1,0,False,2,37,7,79,1,False,12,20,19,24,69,False,92,34,1,27,6,False,2,0,28,30,64,False,2,6,1,20,92,False,11,32,22,36,12,False,1,10,61,9,31,False,5,3,4,0,80,False,1,28,48,0,0,False,10,2,35,1,49,False,50,49,9,0,2,False,75,3,2,8,0,False,0,1,14,0,0,False,72,False
2021-06-06,6,11,40,0,31,False,54,7,0,1,0,False,2,21,5,70,1,False,12,20,19,24,70,False,88,33,1,27,6,False,2,0,32,32,63,False,2,6,0,17,77,False,11,31,20,32,12,False,1,9,61,9,34,False,5,3,5,0,83,False,1,29,48,0,0,False,10,2,33,1,48,False,48,49,9,0,2,False,75,3,2,8,0,False,0,1,15,1,0,False,72,False
2021-06-13,5,11,29,0,33,False,59,7,0,1,0,False,2,20,5,75,1,False,12,20,21,23,71,False,90,37,1,28,6,False,2,0,30,30,61,False,2,5,1,18,72,False,11,31,22,32,12,False,1,9,60,9,31,False,5,3,5,0,86,False,1,29,47,0,0,False,11,2,35,1,49,False,49,48,11,1,3,False,73,3,2,8,0,False,0,1,15,1,0,False,69,False
2021-06-20,5,11,25,0,28,False,68,9,0,1,0,False,2,19,5,64,1,False,12,20,18,25,71,False,87,37,1,28,6,False,2,0,30,29,63,False,2,5,1,16,64,False,12,28,23,31,12,False,1,9,60,8,30,False,5,3,4,0,80,False,1,28,49,0,0,False,11,2,31,1,49,False,48,46,8,0,2,False,79,4,2,8,0,False,0,1,15,0,0,False,66,False
2021-06-27,5,10,28,0,31,False,60,8,0,1,0,False,2,20,5,64,1,False,12,20,19,26,69,False,85,36,1,27,6,False,2,0,30,29,62,False,3,6,1,16,68,False,11,29,21,32,12,False,1,9,60,8,30,False,5,3,4,1,84,False,1,27,48,0,0,False,11,2,30,1,47,False,47,50,7,0,2,False,85,4,2,8,0,False,0,1,14,0,0,False,67,False
2021-07-04,5,11,32,0,30,False,56,7,0,1,0,False,2,24,5,67,1,False,12,20,21,26,73,False,88,36,1,27,6,False,2,0,29,29,66,False,3,5,1,16,73,False,11,27,23,34,13,False,1,10,62,8,31,False,5,3,4,0,84,False,1,26,48,0,0,False,11,2,30,1,48,False,45,47,8,0,2,False,88,4,2,9,0,False,0,1,13,0,0,False,63,False
2021-07-11,5,11,28,0,28,False,51,7,0,1,0,False,2,18,5,68,1,False,11,21,20,24,70,False,88,37,1,28,6,False,2,0,29,30,65,False,2,5,1,16,74,False,12,29,22,33,12,False,1,10,62,8,31,False,5,3,5,0,89,False,1,28,51,0,0,False,11,2,31,1,51,False,48,50,8,1,2,False,89,4,2,9,0,False,0,1,13,0,0,False,72,False
2021-07-18,5,11,29,0,29,False,52,7,0,1,0,False,2,19,5,66,1,False,11,22,21,25,77,False,91,39,1,30,6,False,3,0,30,30,65,False,2,5,1,17,74,False,12,30,23,35,13,False,1,9,62,9,32,False,4,3,5,0,82,False,1,30,52,0,0,False,11,2,33,1,50,False,51,51,10,1,2,False,91,4,2,10,0,False,0,1,13,0,0,False,66,False
2021-07-25,5,11,40,0,26,False,51,6,0,1,0,False,2,17,5,66,1,False,11,20,21,24,74,False,89,38,1,28,6,False,3,0,29,29,70,False,3,5,1,16,71,False,11,29,22,33,12,False,1,10,61,8,32,False,5,3,5,0,82,False,1,28,55,0,0,False,12,2,33,1,47,False,49,49,10,1,2,False,87,3,2,9,0,False,0,1,14,0,0,False,61,False
2021-08-01,5,10,31,0,24,False,49,6,0,1,0,False,2,18,4,65,1,False,11,21,20,24,72,False,83,36,1,28,6,False,3,0,29,32,72,False,2,5,1,16,68,False,11,28,22,32,11,False,1,9,61,8,33,False,5,3,5,0,100,False,1,28,49,0,0,False,14,2,37,1,50,False,47,49,11,1,2,False,92,4,2,10,0,False,0,1,14,0,0,False,61,False
2021-08-08,6,10,30,0,28,False,48,5,0,1,0,False,1,16,5,67,1,False,11,20,20,25,74,False,91,38,1,28,6,False,3,0,30,30,73,False,2,5,1,17,73,False,11,30,22,32,11,False,1,9,62,8,33,False,5,3,4,0,80,False,1,28,50,0,0,False,12,2,33,1,51,False,49,48,11,1,2,False,91,4,2,10,0,False,0,1,14,0,0,False,63,False
2021-08-15,5,11,31,0,27,False,48,5,0,1,0,False,1,17,5,63,1,False,11,20,20,25,76,False,90,36,1,29,6,False,2,0,30,31,71,False,2,6,1,15,78,False,11,30,23,33,12,False,2,9,63,8,32,False,5,3,4,0,74,False,1,28,49,0,0,False,12,2,32,1,49,False,51,50,11,1,2,False,87,4,2,10,0,False,0,1,12,0,0,False,65,False
2021-08-22,5,10,27,0,29,False,51,6,0,1,0,False,2,17,4,66,1,False,11,20,19,24,70,False,89,37,1,28,6,False,2,0,30,32,71,False,2,5,1,15,73,False,10,29,23,32,12,False,1,9,64,8,32,False,4,3,4,0,73,False,1,30,49,0,0,False,11,2,30,1,49,False,49,47,11,1,2,False,81,3,2,10,0,False,0,1,12,0,0,False,67,False
2021-08-29,5,11,30,0,29,False,52,7,0,1,0,False,2,17,4,65,1,False,11,19,18,23,70,False,81,35,1,26,5,False,2,0,30,32,71,False,2,5,1,15,62,False,10,25,21,29,11,False,1,9,63,8,33,False,4,3,4,0,70,False,1,29,51,0,0,False,10,2,28,1,47,False,48,46,11,1,2,False,77,3,2,9,0,False,0,1,12,0,0,False,67,False
2021-09-05,5,10,33,0,29,False,51,6,0,1,0,False,2,15,4,65,1,False,10,18,18,24,66,False,81,33,1,24,5,False,2,0,28,30,68,False,2,5,1,15,60,False,8,25,19,29,10,False,1,10,62,8,31,False,4,3,4,0,65,False,1,31,53,0,0,False,8,1,28,1,46,False,49,45,10,0,2,False,77,3,2,9,0,False,0,1,12,0,0,False,72,False
2021-09-12,5,11,26,0,28,False,56,7,0,1,0,False,2,14,4,58,1,False,11,18,19,23,70,False,83,34,1,24,5,False,2,0,27,30,65,False,2,5,1,14,56,False,9,23,20,28,10,False,1,10,63,8,33,False,5,3,4,0,64,False,1,46,88,0,0,False,8,2,30,1,47,False,50,46,12,0,2,False,76,3,2,8,0,False,0,1,11,0,0,False,65,False
2021-09-19,5,11,23,0,29,False,56,7,0,1,0,False,2,14,3,59,1,False,10,18,18,22,72,False,81,33,1,25,5,False,2,0,29,30,62,False,2,5,1,14,51,False,9,23,19,28,11,False,1,10,62,8,32,False,5,2,4,0,60,False,1,39,71,0,0,False,8,1,27,1,44,False,46,44,11,0,1,False,73,3,2,8,0,False,0,1,12,0,0,False,69,False
2021-09-26,5,11,24,0,31,False,57,7,0,1,0,False,2,14,4,58,1,False,10,18,18,22,68,False,77,33,1,26,5,False,2,0,27,28,63,False,2,5,1,14,52,False,8,22,20,28,10,False,1,10,63,8,31,False,5,2,4,0,61,False,1,37,66,0,0,False,8,1,27,1,46,False,46,44,10,0,2,False,74,3,2,8,0,False,0,1,13,0,0,False,77,False
2021-10-03,5,11,25,0,32,False,59,8,0,1,0,False,2,26,5,62,1,False,10,17,18,22,67,False,78,31,1,25,5,False,2,0,28,29,67,False,2,5,1,14,49,False,9,22,19,29,11,False,1,10,68,8,33,False,5,3,4,0,61,False,1,34,61,0,0,False,8,2,28,1,44,False,49,46,10,0,2,False,77,3,2,8,0,False,0,1,13,0,0,False,68,False
2021-10-10,4,12,25,0,31,False,59,8,0,1,0,False,2,14,4,59,1,False,11,17,18,23,67,False,80,35,1,25,5,False,2,0,27,29,64,False,2,5,1,13,48,False,9,22,19,28,10,False,1,9,68,8,34,False,5,2,5,0,60,False,1,35,59,0,0,False,8,1,29,1,48,False,53,51,10,0,2,False,73,3,2,9,0,False,0,1,18,0,0,False,69,False
2021-10-17,5,11,26,0,32,False,60,7,0,1,0,False,2,14,4,60,1,False,10,18,19,24,69,False,80,34,1,25,5,False,3,0,28,28,64,False,2,5,1,14,50,False,9,22,21,28,10,False,1,10,72,9,34,False,6,2,4,0,56,False,1,38,57,0,0,False,8,1,27,1,47,False,50,48,12,0,2,False,74,3,2,8,0,False,0,1,20,0,0,False,73,False
2021-10-24,5,11,25,0,33,False,56,8,0,1,0,False,2,19,5,61,1,False,11,20,17,21,67,False,75,32,1,25,5,False,3,0,28,27,63,False,2,5,1,17,55,False,9,22,20,30,11,False,1,9,68,8,33,False,5,2,4,0,54,False,1,33,56,0,0,False,23,5,27,1,49,False,50,47,13,0,2,False,74,3,2,8,0,False,0,1,19,0,0,False,67,False
2021-10-31,4,11,27,0,31,False,61,8,0,1,0,False,2,14,4,62,1,False,11,18,17,22,69,False,76,33,1,24,5,False,3,0,28,28,67,False,2,5,1,17,52,False,10,21,21,30,10,False,1,10,77,9,34,False,5,2,4,0,60,False,1,33,57,0,0,False,8,2,28,1,51,False,50,50,12,0,2,False,70,3,2,9,0,False,0,1,15,0,0,False,65,False
2021-11-07,5,13,29,0,34,False,64,8,0,1,0,False,2,15,4,70,1,False,11,18,19,22,72,False,77,33,1,26,6,False,4,0,29,31,72,False,2,6,1,16,51,False,10,24,23,33,11,False,1,10,79,9,42,False,5,2,5,0,64,False,1,34,57,0,0,False,8,2,28,1,55,False,51,52,12,1,3,False,73,3,2,8,0,False,0,1,19,0,0,False,71,False
2021-11-14,4,13,31,0,32,False,63,8,0,1,0,False,2,19,5,67,1,False,12,17,18,22,67,False,77,33,1,26,5,False,4,0,29,31,75,False,3,6,1,16,54,False,10,23,26,33,12,False,1,10,79,9,44,False,5,3,5,0,60,False,1,34,58,0,0,False,18,4,28,1,56,False,51,52,12,0,2,False,69,3,2,8,0,False,0,1,31,0,0,False,70,False
2021-11-21,5,13,28,0,40,False,90,12,0,1,0,False,2,19,5,64,1,False,12,16,17,22,66,False,70,32,1,26,6,False,4,0,29,39,97,False,3,6,1,18,49,False,14,24,36,35,12,False,1,9,86,9,52,False,5,2,6,0,65,False,1,43,59,0,0,False,12,3,27,2,62,False,51,50,11,0,2,False,66,3,3,8,0,False,0,1,47,0,0,False,72,False
2021-11-28,4,13,31,0,33,False,66,8,0,1,0,False,2,22,5,67,1,False,12,17,17,21,66,False,70,31,1,24,5,False,4,0,28,35,84,False,3,5,1,15,47,False,11,23,28,29,11,False,1,10,85,9,52,False,5,2,6,0,68,False,1,38,60,0,0,False,18,4,27,1,60,False,53,51,12,1,2,False,62,3,2,8,0,False,0,1,36,0,0,False,65,False
2021-12-05,4,13,28,0,33,False,66,8,0,1,0,False,2,20,4,70,1,False,12,17,17,21,67,False,72,30,1,25,5,False,4,0,28,32,83,False,3,5,1,13,44,False,10,22,26,29,10,False,1,11,83,9,56,False,6,2,6,0,72,False,1,35,59,0,0,False,9,2,31,2,67,False,57,49,14,0,2,False,66,3,2,9,0,False,0,1,26,0,0,False,62,False
2021-12-12,4,13,28,0,32,False,61,8,0,1,0,False,2,22,4,73,1,False,12,17,17,20,66,False,75,31,1,26,5,False,5,0,27,31,80,False,4,5,1,12,43,False,10,22,26,27,9,False,1,10,77,10,57,False,6,2,6,0,66,False,1,33,56,0,0,False,11,2,28,2,72,False,64,46,15,0,3,False,64,3,2,8,0,False,0,1,47,0,0,False,65,False
2021-12-19,3,13,27,0,31,False,64,7,0,1,0,False,2,20,3,67,1,False,16,16,16,21,65,False,73,31,1,26,4,False,5,0,26,32,79,False,4,5,1,11,42,False,10,25,30,24,8,False,1,8,66,11,68,False,5,3,6,0,60,False,1,38,63,0,0,False,11,2,34,3,87,False,85,55,9,1,3,False,63,3,2,7,0,False,1,1,100,0,0,False,49,False
2021-12-26,3,11,22,0,30,False,71,8,0,1,0,False,1,16,3,61,1,False,15,18,18,20,71,False,77,34,1,28,4,False,4,0,27,30,76,False,3,5,1,13,43,False,9,25,36,28,10,False,1,8,68,12,53,False,4,4,5,0,61,False,1,41,64,0,0,False,8,2,35,3,83,False,74,63,7,1,3,False,76,3,2,8,0,False,0,1,45,0,0,False,45,False
2022-01-02,4,12,25,0,27,False,70,11,0,1,0,False,2,17,4,68,1,False,13,18,20,24,75,False,78,36,1,32,6,False,5,0,30,29,72,False,2,5,1,16,57,False,12,24,40,36,12,False,1,9,75,11,41,False,4,2,4,0,76,False,1,37,65,0,0,False,10,2,28,2,59,False,56,57,8,1,2,False,69,3,2,8,0,False,0,1,36,0,0,False,68,False
2022-01-09,5,10,25,0,26,False,66,10,0,1,0,False,2,16,4,63,1,False,11,18,20,24,74,False,76,35,1,29,6,False,2,0,29,28,69,False,2,6,1,17,56,False,11,23,38,35,11,False,1,10,68,9,36,False,4,2,4,0,68,False,1,35,58,0,0,False,9,2,27,2,52,False,46,59,8,1,1,False,66,3,2,7,0,False,0,1,25,0,0,False,73,False
2022-01-16,5,9,26,0,23,False,56,8,0,1,0,False,2,15,4,58,1,False,10,17,17,22,73,False,75,33,1,27,5,False,2,0,26,25,65,False,2,5,1,15,54,False,9,20,33,32,11,False,1,9,69,8,32,False,4,2,4,0,62,False,1,33,55,0,0,False,9,2,25,1,49,False,45,51,8,0,1,False,68,3,2,7,0,False,0,1,20,0,0,False,70,False
2022-01-23,5,10,29,0,23,False,54,8,0,1,0,False,2,16,4,61,1,False,11,18,18,23,73,False,78,34,1,28,6,False,2,0,26,26,65,False,2,5,1,17,56,False,9,22,34,33,12,False,1,9,73,8,34,False,4,2,4,0,62,False,1,33,52,0,0,False,9,2,28,2,53,False,47,49,13,0,1,False,68,3,2,7,0,False,0,1,18,0,0,False,74,False
2022-01-30,6,11,30,0,24,False,56,8,0,1,0,False,2,17,4,67,1,False,11,19,19,24,73,False,86,35,1,28,6,False,2,0,31,27,68,False,2,6,1,16,58,False,10,22,38,34,12,False,1,10,68,9,36,False,5,2,4,0,63,False,1,33,56,0,0,False,10,2,28,1,52,False,49,54,13,1,2,False,72,3,2,8,0,False,0,1,19,0,0,False,74,False
2022-02-06,6,11,27,0,23,False,55,7,0,1,0,False,2,16,4,67,1,False,11,19,20,23,75,False,83,40,1,29,6,False,2,0,32,33,67,False,2,6,1,15,56,False,11,24,33,35,11,False,1,11,70,9,37,False,5,2,5,0,61,False,1,32,53,0,0,False,10,2,29,1,52,False,51,50,12,1,2,False,74,3,2,8,0,False,0,1,17,0,0,False,78,False
2022-02-13,7,11,30,0,25,False,49,7,0,1,0,False,2,15,4,62,1,False,11,21,19,25,76,False,84,38,1,32,7,False,2,1,33,30,66,False,2,6,1,17,61,False,10,24,33,35,13,False,1,10,71,10,39,False,5,2,4,0,60,False,1,30,53,0,0,False,10,2,31,1,53,False,54,46,13,0,2,False,75,3,2,9,0,False,0,1,16,0,0,False,92,False
2022-02-20,6,12,30,0,23,False,49,6,0,1,0,False,2,16,4,61,2,False,11,19,19,23,73,False,83,36,1,31,6,False,2,1,32,29,66,False,2,6,1,16,57,False,10,23,29,34,12,False,1,10,66,9,34,False,5,2,4,0,58,False,1,30,54,0,0,False,10,2,30,2,50,False,50,47,12,1,2,False,74,3,2,8,0,False,0,1,27,0,0,False,91,False
2022-02-27,6,12,26,0,24,False,49,6,0,1,0,False,2,19,4,62,2,False,11,18,19,24,74,False,86,36,1,31,6,False,2,1,33,29,69,False,2,6,1,17,60,False,10,25,29,34,13,False,1,10,66,9,35,False,5,2,4,0,58,False,1,29,53,0,0,False,11,2,31,2,49,False,49,46,11,0,2,False,72,3,2,9,0,False,0,1,23,0,0,False,84,False
2022-03-06,7,13,28,0,23,False,50,6,0,1,0,False,2,20,6,66,2,False,11,18,20,25,76,False,89,38,1,29,7,False,2,1,35,32,68,False,2,6,1,19,62,False,11,25,31,38,14,False,1,10,64,9,37,False,5,2,3,0,60,False,1,33,57,0,0,False,24,6,31,1,48,False,49,45,11,1,2,False,75,3,2,8,0,False,0,1,25,0,0,False,93,False
2022-03-13,7,12,32,0,25,False,50,6,0,1,0,False,2,16,4,64,1,False,11,19,19,25,75,False,87,38,1,31,7,False,2,0,33,30,71,False,2,7,1,19,60,False,11,26,32,35,13,False,1,9,63,10,36,False,5,2,4,0,56,False,1,29,55,0,0,False,10,2,33,1,53,False,50,46,10,0,2,False,73,3,2,8,0,False,0,1,19,0,0,False,99,False
2022-03-20,6,13,32,0,26,False,52,7,0,1,0,False,2,16,4,61,1,False,10,19,21,24,76,False,97,35,1,33,7,False,2,0,33,32,73,False,2,6,1,18,58,False,10,27,31,35,14,False,1,10,65,9,36,False,5,2,4,0,61,False,1,30,54,0,0,False,9,2,33,2,49,False,50,46,12,1,2,False,77,3,2,8,0,False,0,1,20,0,0,False,95,False
2022-03-27,6,13,31,0,25,False,52,7,0,1,0,False,2,20,4,58,1,False,11,18,19,24,73,False,88,34,1,30,7,False,2,0,34,31,72,False,2,6,1,17,58,False,10,26,31,34,13,False,1,11,64,10,36,False,5,2,4,0,64,False,1,31,53,0,0,False,9,2,31,1,48,False,50,46,11,1,2,False,73,3,2,8,0,False,0,1,19,0,0,False,99,False
2022-04-03,6,13,30,0,27,False,56,7,0,1,0,False,2,18,5,63,1,False,12,18,20,22,70,False,86,34,1,29,7,False,2,0,33,32,73,False,2,7,1,17,59,False,11,25,33,33,12,False,1,10,68,9,36,False,5,3,4,0,60,False,1,28,51,0,0,False,10,2,33,1,49,False,50,47,11,1,2,False,78,4,2,8,0,False,0,1,17,0,0,False,99,False
2022-04-10,5,12,31,0,27,False,55,8,0,1,0,False,2,15,4,56,1,False,13,17,19,22,72,False,87,35,1,29,6,False,2,0,32,31,74,False,2,6,1,15,61,False,10,26,31,31,12,False,2,9,59,8,38,False,5,2,4,0,65,False,1,29,54,0,0,False,9,2,36,2,50,False,57,48,11,1,2,False,81,4,2,11,0,False,0,1,16,0,0,False,70,False
2022-04-17,5,13,31,0,26,False,58,7,0,1,0,False,2,21,4,59,1,False,12,19,20,23,72,False,87,34,1,30,7,False,2,0,33,32,74,False,2,6,1,17,61,False,10,28,29,34,12,False,1,9,63,9,37,False,5,3,4,0,63,False,1,28,53,0,0,False,10,2,31,2,51,False,53,48,11,1,2,False,79,3,2,9,0,False,0,1,15,0,0,False,88,False
2022-04-24,6,14,31,0,27,False,60,7,0,1,0,False,3,18,4,60,1,False,12,18,19,23,74,False,89,35,1,31,7,False,2,0,33,31,73,False,2,7,1,17,62,False,11,28,30,32,12,False,1,10,61,9,42,False,6,3,4,0,65,False,1,29,54,0,0,False,10,2,31,2,52,False,56,45,11,1,2,False,79,3,2,9,0,False,0,1,16,0,0,False,93,False
2022-05-01,6,14,41,0,29,False,59,7,0,1,0,False,2,20,4,59,1,False,11,18,19,24,72,False,87,35,1,28,7,False,2,0,35,32,75,False,2,7,1,16,62,False,13,30,32,34,12,False,1,9,62,9,43,False,5,3,4,0,71,False,1,29,55,0,0,False,10,2,32,2,48,False,55,47,11,1,2,False,84,3,2,10,0,False,0,1,17,0,0,False,100,False
2022-05-08,5,14,42,0,29,False,60,7,0,1,0,False,2,16,4,58,1,False,11,17,19,23,71,False,89,34,1,29,6,False,2,0,31,33,69,False,2,6,1,16,66,False,12,31,31,34,12,False,1,9,58,9,42,False,5,2,4,0,72,False,1,30,51,0,0,False,10,2,32,2,46,False,50,44,10,1,2,False,83,3,2,9,0,False,0,1,19,0,0,False,97,False
2022-05-15,5,13,31,0,27,False,63,7,0,1,0,False,2,15,4,59,1,False,11,18,18,23,68,False,87,34,1,28,6,False,2,0,32,30,67,False,2,6,1,17,67,False,11,30,28,33,12,False,1,9,57,9,36,False,5,3,4,0,78,False,1,28,54,0,0,False,9,2,31,2,48,False,50,44,11,1,2,False,78,3,2,8,0,False,0,1,21,0,0,False,93,False
2022-05-22,5,13,40,0,26,False,58,6,0,1,0,False,2,17,4,62,1,False,12,18,18,22,72,False,87,34,1,30,6,False,2,0,33,30,67,False,2,7,1,17,64,False,11,30,31,35,13,False,1,9,58,9,38,False,5,2,4,0,76,False,1,30,54,0,0,False,9,2,33,2,48,False,50,45,10,1,2,False,85,3,2,9,0,False,0,1,23,0,0,False,93,False
2022-05-29,5,13,46,0,26,False,57,7,0,1,0,False,2,28,5,69,1,False,11,17,18,23,67,False,80,34,1,30,7,False,2,0,31,32,68,False,2,6,1,19,68,False,13,31,30,35,14,False,1,9,56,10,40,False,5,3,4,0,76,False,1,27,53,0,0,False,9,2,33,2,50,False,51,47,13,1,2,False,83,3,2,8,0,False,0,1,20,0,0,False,90,False
2022-06-05,5,12,34,0,26,False,58,6,0,1,0,False,2,18,4,64,1,False,12,18,18,22,67,False,86,34,1,28,7,False,2,0,32,30,65,False,2,6,1,17,70,False,14,30,30,34,13,False,1,9,59,9,41,False,5,3,4,0,82,False,1,32,52,0,0,False,10,2,35,2,51,False,48,45,12,1,2,False,89,4,2,9,0,False,0,1,25,0,0,False,90,False
2022-06-12,5,12,31,0,27,False,55,7,0,1,0,False,2,22,7,63,2,False,12,19,18,23,76,False,89,36,1,29,6,False,2,0,31,31,65,False,2,7,1,19,90,False,12,31,29,35,14,False,1,9,58,9,41,False,5,3,4,0,85,False,1,29,54,0,0,False,28,7,38,2,54,False,53,48,12,1,2,False,90,4,2,9,0,False,0,1,23,0,0,False,80,False
2022-06-19,5,12,30,0,28,False,77,9,0,1,0,False,2,17,4,62,1,False,13,18,18,24,71,False,90,37,1,31,6,False,2,0,32,30,68,False,2,7,1,17,72,False,12,29,31,36,13,False,1,9,56,9,41,False,5,3,4,0,83,False,1,30,54,0,0,False,10,2,34,2,55,False,53,52,9,1,2,False,89,4,2,8,0,False,0,1,25,0,0,False,78,False
2022-06-26,5,12,38,0,27,False,63,7,0,1,0,False,2,18,4,63,1,False,12,18,20,22,74,False,88,37,1,31,6,False,2,0,30,31,64,False,3,6,1,17,70,False,12,28,30,33,13,False,1,9,55,10,40,False,5,3,4,0,87,False,1,29,58,0,0,False,10,2,33,2,54,False,48,48,9,1,2,False,87,4,2,9,0,False,0,1,26,0,0,False,80,False
2022-07-03,5,13,42,0,28,False,60,7,0,1,0,False,2,24,5,62,1,False,12,17,18,23,76,False,89,35,1,31,7,False,2,0,32,31,71,False,3,6,1,18,79,False,12,30,32,37,14,False,1,8,57,9,41,False,5,3,4,0,93,False,1,30,56,0,0,False,9,2,33,2,53,False,51,52,8,1,2,False,93,4,2,9,0,False,0,1,28,0,0,False,79,False
2022-07-10,5,12,31,0,26,False,55,6,0,1,0,False,2,18,4,62,1,False,12,19,19,23,75,False,90,37,1,32,7,False,2,0,32,30,67,False,3,6,1,19,83,False,12,32,34,35,13,False,1,9,58,9,37,False,5,3,4,0,92,False,1,33,57,0,0,False,9,2,33,2,52,False,48,53,10,1,2,False,90,4,2,9,0,False,0,1,27,0,0,False,82,False
2022-07-17,5,12,29,0,26,False,51,6,0,1,0,False,2,18,4,60,1,False,12,18,18,22,73,False,88,37,1,31,6,False,2,0,29,30,67,False,2,6,1,17,80,False,11,30,34,36,12,False,1,9,57,8,40,False,5,3,4,0,84,False,1,31,56,0,0,False,10,2,33,2,49,False,49,51,10,1,2,False,92,4,2,10,0,False,0,1,27,0,0,False,72,False
2022-07-24,5,11,30,0,25,False,51,6,0,1,0,False,2,19,4,60,1,False,12,20,19,22,72,False,88,37,1,31,6,False,2,0,30,31,70,False,2,6,1,18,84,False,12,31,33,34,13,False,1,9,58,9,44,False,5,3,4,0,90,False,1,31,58,0,0,False,10,2,33,2,50,False,51,50,11,1,2,False,90,4,2,10,0,False,0,1,25,0,0,False,72,False
2022-07-31,5,12,32,0,24,False,51,6,0,1,0,False,2,22,5,61,1,False,11,20,19,23,73,False,87,35,1,31,6,False,2,0,31,34,70,False,2,7,1,19,88,False,11,32,35,38,13,False,1,9,59,9,42,False,5,3,4,0,88,False,1,31,56,0,0,False,14,2,39,2,50,False,50,51,11,1,2,False,91,4,2,10,0,False,0,1,22,0,0,False,69,False
2022-08-07,5,12,35,0,25,False,51,5,0,1,0,False,1,19,4,63,1,False,11,19,20,22,74,False,89,36,1,32,7,False,2,1,33,33,78,False,2,6,1,18,87,False,12,33,36,34,12,False,1,9,57,9,44,False,5,3,4,0,88,False,1,32,59,0,0,False,11,2,35,2,51,False,52,51,10,1,2,False,92,4,2,11,0,False,0,1,21,0,0,False,71,False
2022-08-14,5,13,35,0,24,False,52,6,0,1,0,False,1,18,4,63,1,False,11,19,19,22,74,False,88,37,1,31,7,False,3,1,31,33,76,False,2,6,1,16,83,False,11,31,39,36,13,False,2,9,60,9,43,False,5,3,4,0,80,False,1,33,60,0,0,False,11,2,34,2,51,False,55,54,11,1,2,False,89,4,2,10,0,False,0,1,21,0,0,False,73,False
2022-08-21,5,13,31,0,24,False,49,5,0,1,0,False,2,18,4,64,1,False,11,20,19,22,73,False,86,38,1,30,6,False,2,1,31,34,76,False,2,6,1,16,78,False,11,31,40,36,12,False,1,9,60,9,45,False,5,3,7,0,76,False,1,33,58,0,0,False,11,2,34,2,50,False,55,49,10,1,2,False,84,3,2,10,0,False,0,1,22,0,0,False,78,False
2022-08-28,5,13,37,0,27,False,50,6,0,1,0,False,2,17,4,59,1,False,12,20,18,23,72,False,80,34,1,29,6,False,2,1,31,34,76,False,2,6,1,16,75,False,11,27,44,35,13,False,1,10,63,9,42,False,5,3,7,0,72,False,1,32,56,0,0,False,12,2,32,2,49,False,53,47,11,1,2,False,83,3,2,9,0,False,0,1,18,0,0,False,76,False
2022-09-04,4,13,37,0,25,False,53,6,0,1,0,False,2,17,4,56,1,False,11,17,18,21,66,False,84,32,1,28,6,False,2,0,29,33,70,False,2,6,1,15,66,False,11,26,43,35,12,False,1,10,62,9,42,False,5,2,6,0,71,False,1,49,84,0,0,False,10,2,32,2,47,False,50,46,11,1,2,False,80,3,2,9,0,False,0,1,18,0,0,False,80,False
2022-09-11,5,13,32,0,26,False,57,7,0,1,0,False,2,15,4,56,1,False,12,18,18,21,65,False,81,32,1,29,6,False,2,0,30,31,69,False,2,6,1,15,66,False,11,26,46,33,13,False,1,10,64,9,43,False,5,2,6,0,69,False,1,40,83,0,0,False,10,2,33,2,49,False,54,45,12,1,2,False,79,3,2,8,0,False,0,1,17,0,0,False,81,False
2022-09-18,5,13,30,0,30,False,60,7,0,1,0,False,2,15,4,58,1,False,11,18,19,22,65,False,80,33,1,32,6,False,2,0,31,31,73,False,2,7,1,16,65,False,11,26,46,34,13,False,1,11,67,9,44,False,5,3,5,0,67,False,1,41,75,0,0,False,9,2,31,2,49,False,55,44,12,1,2,False,77,3,2,9,0,False,0,1,18,0,0,False,85,False
2022-09-25,5,13,29,0,30,False,58,7,0,1,0,False,2,18,4,59,1,False,11,17,18,23,67,False,80,30,1,30,6,False,2,0,30,31,71,False,2,7,1,16,65,False,10,25,46,35,13,False,1,10,67,10,46,False,5,3,5,0,68,False,1,39,66,0,0,False,9,2,32,2,50,False,53,47,12,1,2,False,72,3,2,8,0,False,0,1,19,0,0,False,85,False
2022-10-02,5,13,30,0,28,False,57,7,0,1,0,False,2,27,5,59,1,False,11,17,18,21,69,False,83,32,1,29,6,False,2,0,29,31,71,False,2,7,1,17,64,False,11,24,45,35,14,False,1,10,67,10,44,False,5,2,4,0,60,False,1,36,61,0,0,False,9,2,37,2,47,False,54,47,12,1,2,False,73,3,2,8,0,False,0,1,18,0,0,False,85,False
2022-10-09,4,13,29,0,27,False,59,7,0,1,0,False,2,15,4,54,1,False,11,17,18,21,71,False,79,32,1,29,6,False,2,0,30,31,68,False,2,6,1,16,63,False,11,25,49,36,13,False,1,10,69,10,46,False,5,3,4,0,66,False,1,36,62,0,0,False,9,2,37,2,52,False,54,46,13,1,2,False,73,3,2,9,0,False,0,1,17,0,0,False,83,False
2022-10-16,5,13,27,0,27,False,54,7,0,1,0,False,2,15,4,57,1,False,11,17,18,22,68,False,79,33,1,29,6,False,2,0,30,30,62,False,2,6,1,18,65,False,11,24,49,34,14,False,1,10,72,10,44,False,6,3,4,0,60,False,1,37,60,0,0,False,9,2,31,2,51,False,52,47,13,1,2,False,71,3,2,8,0,False,0,1,17,0,0,False,87,False
2022-10-23,5,13,26,0,27,False,53,7,0,1,0,False,2,19,4,59,1,False,11,17,17,22,70,False,80,32,1,28,6,False,2,0,28,36,66,False,2,7,1,19,63,False,11,29,49,34,14,False,1,10,70,11,45,False,6,2,4,0,59,False,1,34,57,0,0,False,10,2,33,2,52,False,54,44,13,1,2,False,72,3,2,8,0,False,0,1,17,0,0,False,86,False
2022-10-30,4,13,29,0,25,False,56,7,0,1,0,False,2,16,4,61,1,False,11,17,18,21,67,False,79,31,1,27,6,False,3,0,27,31,71,False,2,6,1,18,65,False,11,28,49,34,14,False,1,10,72,10,45,False,5,2,4,0,60,False,1,33,57,0,0,False,10,2,32,2,54,False,55,42,13,1,2,False,70,3,2,9,0,False,0,1,22,0,0,False,75,False
2022-11-06,5,13,30,0,27,False,59,7,0,1,0,False,2,15,4,56,1,False,11,16,18,21,68,False,77,30,1,27,6,False,3,0,30,32,76,False,2,7,1,16,59,False,12,27,53,35,14,False,1,10,75,10,50,False,6,2,4,0,63,False,1,32,56,0,0,False,10,2,31,2,54,False,52,45,12,1,2,False,68,3,2,8,0,False,0,1,20,0,0,False,90,False
2022-11-13,4,13,34,0,31,False,65,8,0,1,0,False,2,18,4,62,1,False,12,17,18,21,69,False,78,33,1,28,6,False,3,0,31,35,87,False,3,6,1,18,64,False,12,27,54,37,15,False,1,10,80,11,53,False,6,3,4,0,68,False,1,34,58,0,0,False,11,2,33,2,57,False,55,50,11,1,2,False,70,3,2,9,0,False,0,1,19,0,0,False,84,False
2022-11-20,4,14,31,0,35,False,94,12,0,1,0,False,2,20,5,56,1,False,12,15,16,20,63,False,71,29,1,25,5,False,3,0,31,41,100,False,3,6,1,17,60,False,14,26,69,39,18,False,1,9,79,10,60,False,6,3,5,0,73,False,1,39,61,0,0,False,15,3,31,2,56,False,54,48,10,1,2,False,64,2,2,8,0,False,0,1,18,0,0,False,83,False
2022-11-27,4,14,29,0,32,False,64,7,0,1,0,False,2,20,4,55,1,False,12,15,17,20,63,False,67,29,1,26,5,False,3,0,30,36,88,False,3,6,2,15,52,False,11,23,58,32,13,False,1,10,79,10,59,False,5,2,5,0,71,False,1,36,55,0,0,False,12,2,27,2,57,False,55,48,10,0,2,False,64,2,2,8,0,False,0,1,16,0,0,False,77,False
2022-12-04,4,14,29,0,30,False,66,8,0,1,0,False,2,19,4,57,1,False,13,14,16,19,65,False,66,28,1,27,5,False,4,0,28,34,85,False,3,6,1,15,53,False,13,25,52,31,12,False,2,10,79,10,60,False,6,2,5,0,79,False,1,33,57,0,0,False,10,2,30,2,68,False,61,48,8,1,2,False,65,2,2,9,0,False,0,1,16,0,0,False,67,False
2022-12-11,4,15,30,0,32,False,66,8,0,1,0,False,2,21,4,63,1,False,13,16,17,20,64,False,70,30,1,29,5,False,4,0,27,34,87,False,4,6,1,16,59,False,13,27,54,33,12,False,1,9,76,11,68,False,6,3,5,0,82,False,1,34,58,0,0,False,12,2,30,2,74,False,68,49,6,1,2,False,67,2,2,9,0,False,0,1,18,0,0,False,71,False
2022-12-18,3,15,33,0,30,False,61,8,0,1,0,False,2,22,4,61,1,False,15,16,17,19,65,False,74,30,1,29,5,False,5,0,26,36,86,False,5,6,2,13,61,False,13,29,54,31,11,False,1,8,67,11,76,False,6,3,5,0,74,False,1,33,62,0,0,False,13,3,35,3,88,False,93,54,6,1,3,False,62,2,2,9,0,False,1,1,16,0,0,False,60,False
2022-12-25,3,14,29,0,28,False,71,9,0,1,0,False,2,18,4,59,1,False,15,18,18,22,72,False,81,32,1,31,5,False,4,0,28,36,85,False,3,5,1,15,70,False,13,31,70,37,12,False,1,8,70,13,66,False,5,4,4,0,71,False,1,40,68,0,0,False,10,2,37,3,100,False,88,69,7,1,3,False,80,3,2,10,0,False,1,1,17,0,0,False,54,False
2023-01-01,4,12,28,0,24,False,69,9,0,1,0,False,2,16,4,60,1,False,12,18,19,23,72,False,81,34,1,29,6,False,4,0,31,33,71,False,2,5,1,15,60,False,13,25,62,36,12,False,1,8,69,13,49,False,5,3,4,0,71,False,1,35,62,0,0,False,10,2,29,2,65,False,62,61,7,1,2,False,79,3,2,9,0,False,0,1,18,0,0,False,59,False
2023-01-08,4,12,27,0,23,False,61,8,0,1,0,False,2,15,4,58,1,False,10,19,19,24,73,False,78,33,1,32,6,False,2,0,28,31,72,False,2,6,1,16,62,False,12,24,60,39,12,False,1,9,70,12,44,False,5,2,4,0,65,False,1,32,58,0,0,False,10,2,28,2,52,False,50,55,7,1,1,False,78,3,2,9,0,False,0,1,20,0,0,False,67,False
2023-01-15,4,11,33,0,22,False,58,7,0,1,0,False,2,14,4,59,1,False,11,17,21,24,75,False,79,33,1,31,6,False,2,0,28,30,71,False,2,6,1,15,62,False,11,24,63,39,12,False,1,10,73,11,42,False,5,3,4,0,64,False,1,32,58,0,0,False,10,2,27,2,53,False,53,56,7,1,1,False,78,3,2,9,0,False,0,1,20,0,0,False,76,False
2023-01-22,4,11,32,0,23,False,57,7,0,1,0,False,2,15,4,58,1,False,11,18,20,24,74,False,82,34,1,31,6,False,2,0,27,30,69,False,2,6,1,16,63,False,11,24,62,36,12,False,1,9,69,10,44,False,5,2,4,0,67,False,1,32,57,0,0,False,9,2,28,2,58,False,51,68,8,1,1,False,77,3,2,9,0,False,0,1,18,0,0,False,76,False
2023-01-29,5,11,28,0,22,False,55,7,0,1,0,False,2,16,4,57,1,False,12,18,20,24,74,False,81,35,1,30,6,False,2,0,28,30,70,False,2,6,1,15,64,False,11,23,57,36,12,False,1,10,68,10,45,False,5,2,4,0,67,False,1,31,57,0,0,False,10,2,29,2,50,False,51,72,9,0,1,False,79,3,2,8,0,False,0,1,19,0,0,False,77,False
2023-02-05,5,11,26,0,21,False,50,6,0,1,0,False,2,14,4,54,1,False,11,17,19,23,75,False,79,33,1,29,6,False,2,0,28,28,71,False,2,6,1,16,62,False,11,23,50,37,12,False,1,10,65,9,45,False,5,2,7,0,63,False,1,30,53,0,0,False,10,2,30,2,49,False,49,62,9,1,1,False,76,3,2,9,0,False,0,1,16,0,0,False,79,False
2023-02-12,5,11,28,0,21,False,48,5,0,1,0,False,2,14,4,53,1,False,11,18,19,21,74,False,76,33,1,30,6,False,2,0,29,28,69,False,2,6,1,15,60,False,10,23,48,33,12,False,1,9,62,10,47,False,5,2,5,0,57,False,1,30,53,0,0,False,10,2,31,2,51,False,53,61,9,1,2,False,78,3,2,9,0,False,0,1,17,0,0,False,80,False
2023-02-19,5,11,29,0,21,False,52,5,0,1,0,False,2,15,4,54,1,False,12,18,20,21,74,False,85,34,1,29,5,False,2,1,29,31,70,False,2,6,1,14,60,False,9,23,52,36,13,False,1,9,63,10,43,False,5,2,5,0,60,False,1,30,52,0,0,False,9,2,30,2,50,False,49,60,10,1,2,False,74,3,2,9,0,False,0,1,16,0,0,False,78,False
2023-02-26,5,12,29,0,21,False,50,5,0,1,0,False,2,16,4,54,1,False,11,17,18,22,69,False,81,33,1,29,6,False,2,1,30,30,69,False,2,6,1,15,61,False,10,23,49,35,12,False,1,9,64,9,44,False,5,2,6,0,56,False,1,29,55,0,0,False,9,2,28,2,55,False,53,57,10,1,1,False,70,3,2,9,0,False,0,1,17,0,0,False,83,False
2023-03-05,5,12,28,0,21,False,54,5,0,1,0,False,2,15,4,55,1,False,11,17,19,23,75,False,81,35,1,29,6,False,2,0,29,33,72,False,2,6,1,15,67,False,10,24,50,35,13,False,1,9,63,9,44,False,5,2,6,0,56,False,1,29,54,0,0,False,9,2,29,2,55,False,49,57,10,1,1,False,73,3,2,9,0,False,0,1,18,0,0,False,81,False
2023-03-12,6,12,31,0,21,False,53,6,0,1,0,False,2,14,4,52,1,False,10,17,19,21,66,False,81,29,1,29,6,False,2,0,28,31,71,False,2,6,1,16,66,False,10,25,51,36,12,False,1,9,64,9,45,False,5,2,5,0,51,False,1,28,55,0,0,False,8,2,29,2,48,False,46,50,9,1,2,False,71,3,2,9,0,False,0,1,18,0,0,False,78,False
2023-03-19,5,12,29,0,23,False,54,6,0,1,0,False,2,14,4,53,1,False,11,17,19,21,71,False,79,34,1,29,6,False,2,0,29,33,74,False,2,6,1,15,64,False,10,25,55,36,13,False,1,9,59,10,44,False,5,2,4,0,62,False,1,29,51,0,0,False,9,2,30,2,49,False,50,50,11,1,2,False,71,3,2,8,0,False,0,1,16,0,0,False,84,False
2023-03-26,5,12,33,0,22,False,56,6,0,1,0,False,2,17,4,51,1,False,11,18,20,22,72,False,83,33,1,30,6,False,2,0,29,33,73,False,2,6,1,14,65,False,10,24,61,34,12,False,1,9,60,10,41,False,5,2,4,0,57,False,1,30,52,0,0,False,8,2,30,2,49,False,49,50,11,1,2,False,74,3,2,8,0,False,0,1,17,1,0,False,90,False
2023-04-02,5,12,28,0,21,False,53,6,0,1,0,False,2,14,4,52,1,False,13,17,19,22,74,False,85,33,1,28,5,False,2,0,28,34,79,False,2,6,1,13,64,False,9,25,57,31,12,False,1,9,60,10,46,False,5,2,4,0,61,False,1,29,53,0,0,False,9,2,33,2,48,False,54,53,10,1,2,False,74,3,2,10,0,False,0,1,17,0,0,False,62,False
2023-04-09,5,12,30,0,24,False,58,6,0,1,0,False,2,15,3,56,1,False,13,17,20,22,71,False,87,33,1,29,6,False,2,0,30,35,76,False,2,6,1,15,68,False,10,28,53,36,12,False,1,8,57,9,45,False,5,2,4,0,62,False,1,27,52,0,0,False,9,2,28,2,49,False,53,48,11,1,1,False,73,3,2,8,0,False,0,1,20,1,0,False,80,False
2023-04-16,5,14,32,0,23,False,58,6,0,1,0,False,2,17,3,61,1,False,11,17,20,22,71,False,82,32,1,28,5,False,2,0,29,33,75,False,2,7,1,15,66,False,11,28,49,36,13,False,1,9,59,10,46,False,6,2,4,0,65,False,1,29,51,0,0,False,9,2,30,2,48,False,53,49,11,1,2,False,76,3,2,9,0,False,0,1,21,1,0,False,87,False
2023-04-23,5,13,32,0,23,False,60,6,0,1,0,False,2,16,3,54,1,False,12,16,19,22,72,False,84,32,1,29,5,False,2,0,31,34,69,False,2,7,1,15,67,False,12,28,47,34,13,False,1,9,59,9,46,False,5,2,5,0,62,False,1,28,53,0,0,False,9,2,31,2,51,False,50,51,12,1,2,False,74,3,2,9,0,False,0,1,23,0,0,False,88,False
2023-04-30,5,13,37,0,23,False,55,6,0,1,0,False,2,15,3,53,1,False,12,17,20,20,71,False,85,31,1,30,5,False,2,0,29,33,71,False,2,7,1,15,67,False,12,30,50,37,13,False,1,8,56,9,47,False,5,2,4,0,70,False,1,29,52,0,0,False,9,2,30,2,50,False,55,51,11,1,2,False,74,3,2,10,0,False,0,1,19,0,0,False,79,False
2023-05-07,5,12,35,0,25,False,53,6,0,1,0,False,2,15,3,54,1,False,11,16,19,21,71,False,84,32,1,28,5,False,1,0,29,32,70,False,2,6,1,16,71,False,13,30,55,34,12,False,1,9,58,9,53,False,5,2,4,0,67,False,1,28,51,0,0,False,9,2,29,2,48,False,53,47,12,1,2,False,73,3,2,9,0,False,0,1,22,0,0,False,90,False
2023-05-14,5,12,38,0,22,False,57,6,0,1,0,False,2,15,3,52,1,False,12,17,19,20,71,False,86,31,1,29,5,False,2,0,28,33,71,False,2,7,1,14,78,False,12,30,50,36,12,False,1,8,57,10,48,False,5,2,4,0,67,False,1,28,53,0,0,False,8,2,29,2,49,False,51,47,12,1,2,False,73,3,2,9,0,False,0,1,20,0,0,False,85,False
2023-05-21,5,13,30,0,23,False,56,5,0,1,0,False,2,15,4,53,1,False,12,16,18,22,72,False,81,33,1,32,5,False,2,0,29,35,69,False,2,6,1,15,81,False,12,32,49,37,13,False,1,8,54,10,45,False,5,2,4,0,69,False,1,26,51,0,0,False,10,2,29,2,48,False,51,51,11,1,2,False,77,3,2,8,0,False,0,1,18,0,0,False,95,False
2023-05-28,5,13,41,0,25,False,61,6,0,1,0,False,2,24,4,58,1,False,13,18,18,22,69,False,87,33,1,30,6,False,2,0,29,37,69,False,2,7,1,16,72,False,13,35,47,38,14,False,1,9,56,10,50,False,6,3,4,0,78,False,1,28,53,0,0,False,9,2,30,2,47,False,50,51,12,1,2,False,79,3,2,9,0,False,0,1,26,0,0,False,88,False
2023-06-04,5,13,49,0,24,False,65,6,0,1,0,False,2,15,3,56,1,False,12,18,19,23,74,False,87,33,1,29,6,False,2,0,29,34,68,False,2,6,1,16,76,False,12,33,45,38,13,False,1,9,53,10,53,False,5,3,4,0,77,False,1,41,55,0,0,False,8,2,32,2,50,False,51,49,11,1,2,False,82,3,2,9,0,False,0,1,35,0,0,False,81,False
2023-06-11,5,12,35,0,24,False,62,6,0,1,0,False,2,14,4,54,1,False,12,19,20,22,73,False,86,34,1,31,6,False,2,0,29,33,67,False,2,7,1,17,82,False,13,33,42,36,13,False,1,9,54,10,51,False,6,3,4,0,81,False,1,33,54,0,0,False,9,2,35,2,53,False,52,48,12,1,2,False,82,3,2,9,0,False,0,1,26,0,0,False,82,False
2023-06-18,4,12,32,0,24,False,78,8,0,1,0,False,2,14,4,51,1,False,12,18,19,24,76,False,88,33,1,31,5,False,2,0,29,32,65,False,2,6,1,16,83,False,12,31,44,35,13,False,1,9,56,10,48,False,5,3,4,0,82,False,1,31,56,0,0,False,9,2,34,2,53,False,53,52,11,1,2,False,86,3,2,9,0,False,0,1,28,0,0,False,79,False
2023-06-25,4,12,32,0,23,False,68,7,0,1,0,False,2,15,4,54,1,False,12,19,20,23,74,False,87,35,1,32,6,False,2,0,31,32,69,False,3,6,1,17,96,False,12,32,44,39,13,False,1,9,56,10,49,False,5,3,4,0,89,False,1,31,55,0,0,False,10,2,31,2,54,False,51,54,9,1,2,False,85,3,2,9,0,False,0,1,25,0,0,False,79,False
2023-07-02,5,13,41,0,23,False,64,6,0,1,0,False,2,19,4,57,1,False,13,18,20,25,76,False,90,36,1,31,6,False,2,0,31,34,71,False,3,6,1,18,94,False,12,33,46,40,13,False,1,9,57,10,49,False,5,3,4,0,94,False,1,32,58,0,0,False,9,2,32,3,56,False,53,53,8,1,2,False,89,3,2,9,0,False,0,1,25,0,0,False,74,False
2023-07-09,5,12,48,0,23,False,59,6,0,1,0,False,2,15,4,58,1,False,12,18,21,24,77,False,89,44,1,31,6,False,2,0,29,31,66,False,2,7,1,17,89,False,12,33,45,37,13,False,1,8,59,9,49,False,5,3,4,0,90,False,1,32,58,0,0,False,9,2,32,2,53,False,49,58,9,1,2,False,86,3,2,10,0,False,0,1,24,1,0,False,79,False
2023-07-16,5,12,38,0,22,False,64,6,0,1,0,False,2,15,4,52,1,False,13,19,21,23,74,False,93,41,1,31,6,False,2,0,29,31,65,False,2,6,1,17,92,False,11,32,46,36,13,False,1,9,57,9,48,False,5,2,4,0,88,False,1,32,58,0,0,False,9,2,32,2,51,False,49,57,10,1,2,False,88,3,2,10,0,False,0,1,27,0,0,False,78,False
2023-07-23,5,11,31,0,21,False,56,5,0,1,0,False,2,14,4,53,1,False,13,19,20,22,76,False,86,37,1,31,5,False,2,0,28,33,70,False,2,6,1,16,85,False,12,31,45,37,12,False,1,9,57,9,47,False,5,3,4,0,87,False,1,31,55,0,0,False,9,2,28,2,53,False,50,53,10,1,2,False,91,3,2,11,0,False,0,1,24,0,0,False,76,False
2023-07-30,5,11,30,0,21,False,56,5,0,1,0,False,1,16,4,55,1,False,11,18,20,23,84,False,87,39,1,31,6,False,2,0,29,35,74,False,2,6,1,16,90,False,11,31,46,38,12,False,1,9,60,9,49,False,5,3,5,0,87,False,1,30,58,0,0,False,12,2,42,2,51,False,49,52,10,1,2,False,89,3,2,11,0,False,0,1,24,0,0,False,71,False
2023-08-06,5,11,36,0,20,False,51,5,0,1,0,False,1,15,4,55,1,False,12,19,20,23,83,False,91,36,1,31,6,False,2,0,29,34,75,False,2,6,1,16,89,False,12,31,48,38,13,False,1,9,59,9,48,False,5,3,5,0,81,False,1,31,55,0,0,False,10,2,32,2,53,False,51,52,12,1,2,False,90,3,2,11,0,False,0,1,24,0,0,False,71,False
2023-08-13,5,11,37,0,20,False,49,5,0,1,0,False,1,13,4,57,1,False,12,18,19,22,74,False,88,38,1,31,5,False,2,1,29,34,70,False,2,6,1,15,92,False,11,31,42,37,13,False,1,9,57,9,48,False,5,2,4,0,84,False,1,31,57,0,0,False,10,2,31,2,50,False,53,50,11,1,2,False,88,3,2,11,0,False,0,1,29,0,0,False,70,False
2023-08-20,5,11,33,0,21,False,51,5,0,1,0,False,1,13,4,51,1,False,11,18,20,21,74,False,85,34,1,29,5,False,2,1,28,33,67,False,2,6,1,16,94,False,11,29,45,37,12,False,1,9,59,9,47,False,5,2,4,0,79,False,1,30,53,0,0,False,10,2,29,2,50,False,53,50,12,1,2,False,81,3,2,10,0,False,0,1,24,0,0,False,71,False
2023-08-27,5,12,38,0,23,False,54,5,0,1,0,False,2,14,4,52,1,False,12,18,20,22,74,False,84,34,1,31,6,False,2,0,28,35,73,False,2,6,1,15,82,False,11,27,45,38,12,False,1,9,59,9,49,False,5,2,4,0,73,False,1,31,53,0,0,False,10,2,30,2,48,False,52,51,11,1,2,False,80,3,2,9,0,False,0,1,21,1,0,False,74,False
2023-09-03,5,12,40,0,20,False,51,6,0,1,0,False,2,14,4,50,1,False,12,16,19,22,72,False,79,33,1,29,6,False,2,0,26,33,67,False,2,6,1,15,78,False,11,27,45,37,12,False,1,9,59,9,46,False,5,2,4,0,72,False,1,31,55,0,0,False,9,1,29,2,48,False,51,51,11,1,2,False,77,2,2,9,0,False,0,1,19,1,0,False,74,False
2023-09-10,5,11,31,0,21,False,51,6,0,1,0,False,2,13,3,49,1,False,12,16,19,22,72,False,82,33,1,30,6,False,2,0,27,31,65,False,2,7,1,14,71,False,10,25,46,35,12,False,1,10,59,9,47,False,5,2,4,0,69,False,1,49,100,0,0,False,8,1,30,2,46,False,53,51,13,1,2,False,75,2,2,9,0,False,0,1,19,1,0,False,76,False
2023-09-17,5,12,26,0,22,False,55,6,0,1,0,False,2,11,3,51,1,False,11,17,19,22,72,False,83,33,1,32,6,False,2,0,28,34,66,False,2,7,1,15,74,False,10,24,49,35,12,False,1,10,61,10,48,False,5,2,4,0,66,False,1,40,79,0,0,False,7,2,30,2,49,False,55,50,13,1,1,False,75,2,2,9,0,False,0,1,19,1,0,False,83,False
2023-09-24,5,12,27,0,24,False,55,6,0,1,0,False,2,14,4,53,1,False,11,17,19,22,74,False,82,35,1,31,5,False,2,0,29,34,67,False,2,7,1,15,71,False,10,24,48,34,12,False,1,10,63,10,49,False,5,2,4,0,64,False,1,38,75,0,0,False,8,2,31,2,49,False,52,48,12,1,2,False,77,2,2,10,0,False,0,1,20,1,0,False,84,False
2023-10-01,5,12,29,0,24,False,58,6,0,1,0,False,2,24,4,54,1,False,12,16,19,22,73,False,80,32,1,30,6,False,2,0,27,35,68,False,2,6,1,16,70,False,11,25,47,37,13,False,1,10,64,10,52,False,5,2,4,0,61,False,1,35,63,0,0,False,8,1,29,2,67,False,52,49,11,1,1,False,74,3,2,11,0,False,0,1,24,1,0,False,77,False
2023-10-08,4,12,30,0,22,False,58,6,0,1,0,False,2,13,3,54,1,False,11,16,18,21,76,False,77,32,1,30,5,False,2,0,30,35,66,False,2,6,1,15,70,False,11,23,51,35,13,False,1,10,64,9,51,False,5,2,4,0,62,False,1,34,60,0,0,False,7,1,30,2,53,False,53,47,11,1,2,False,77,2,2,11,0,False,0,1,24,0,0,False,77,False
2023-10-15,5,12,27,0,24,False,59,6,0,1,0,False,2,13,3,50,1,False,11,16,19,22,73,False,81,32,1,31,5,False,2,0,27,33,69,False,2,7,1,15,69,False,11,23,50,36,13,False,1,10,67,10,51,False,5,2,4,0,64,False,1,32,60,0,0,False,9,1,29,2,51,False,51,46,12,1,2,False,71,2,2,11,0,False,0,1,21,0,0,False,78,False
2023-10-22,5,12,27,0,23,False,60,6,0,1,0,False,2,15,3,52,1,False,11,16,20,23,74,False,80,33,1,31,5,False,2,0,28,34,65,False,2,7,1,16,68,False,10,24,53,36,13,False,1,10,69,10,50,False,6,2,4,0,61,False,1,33,56,0,0,False,8,1,27,2,54,False,52,46,12,1,2,False,71,2,2,10,0,False,0,1,22,0,0,False,90,False
2023-10-29,4,11,33,0,23,False,59,6,0,1,0,False,2,13,3,49,1,False,11,16,19,21,70,False,77,31,1,29,5,False,2,0,26,33,65,False,2,6,1,17,64,False,10,22,55,36,12,False,1,9,69,10,51,False,5,2,4,0,63,False,1,32,55,0,0,False,8,1,26,2,52,False,53,46,9,1,2,False,66,2,2,10,0,False,0,1,22,0,0,False,77,False
2023-11-05,4,13,31,0,26,False,66,7,0,1,0,False,2,14,4,58,1,False,12,16,19,22,72,False,77,33,1,31,6,False,3,0,28,35,71,False,3,7,1,18,71,False,11,25,61,40,13,False,1,10,76,10,58,False,6,2,4,0,62,False,1,32,56,0,0,False,8,1,28,2,57,False,55,46,11,1,2,False,70,2,2,9,0,False,0,1,21,1,0,False,79,False
2023-11-12,4,13,36,0,28,False,69,7,0,1,0,False,2,16,4,64,1,False,12,16,19,23,74,False,75,33,1,29,6,False,3,0,26,37,75,False,3,7,1,18,69,False,11,26,69,44,15,False,1,10,81,10,64,False,6,2,5,0,65,False,2,34,59,0,0,False,10,2,28,2,60,False,57,47,11,1,2,False,72,2,2,9,0,False,0,1,19,1,0,False,80,False
2023-11-19,5,14,36,0,35,False,100,13,0,1,0,False,2,20,5,57,1,False,13,16,18,22,68,False,78,32,1,32,6,False,3,0,28,46,98,False,3,6,1,19,70,False,14,28,86,47,16,False,1,9,82,11,79,False,6,2,5,0,73,False,1,39,63,0,0,False,15,3,28,2,63,False,55,50,10,1,2,False,66,2,2,8,0,False,0,1,23,0,0,False,85,False
2023-11-26,5,14,32,0,29,False,73,8,0,1,0,False,2,19,4,56,1,False,14,16,18,24,71,False,77,33,1,31,5,False,3,0,27,39,83,False,3,7,1,17,65,False,12,26,74,39,13,False,1,10,81,11,72,False,6,2,5,0,75,False,1,35,60,0,0,False,11,2,27,3,62,False,62,46,12,1,2,False,66,2,2,9,0,False,0,1,20,0,0,False,89,False
2023-12-03,4,14,30,0,27,False,72,8,0,1,0,False,2,18,4,58,1,False,14,16,18,21,70,False,76,32,1,31,5,False,4,0,28,35,79,False,3,6,2,15,63,False,12,26,64,38,12,False,2,10,82,10,72,False,6,2,5,0,76,False,1,33,57,0,0,False,10,2,30,4,69,False,65,49,11,1,2,False,67,2,2,10,0,False,0,1,19,0,0,False,69,False
2023-12-10,4,15,32,0,26,False,78,7,0,1,0,False,2,20,4,61,1,False,13,16,18,22,71,False,74,32,1,33,6,False,4,0,27,37,83,False,3,9,2,16,66,False,13,27,71,36,13,False,1,9,77,11,80,False,7,2,6,0,68,False,1,33,55,0,0,False,11,2,29,5,74,False,70,49,9,1,3,False,68,2,2,9,0,False,0,1,23,0,0,False,70,False
2023-12-17,4,15,29,0,26,False,66,7,0,1,0,False,2,21,4,61,1,False,16,17,19,22,74,False,77,31,1,33,5,False,5,0,27,35,75,False,5,6,2,15,69,False,13,28,67,34,12,False,1,8,71,12,83,False,6,2,5,0,69,False,1,34,59,0,0,False,11,2,31,9,90,False,90,54,10,1,3,False,66,2,2,9,0,False,1,1,18,0,0,False,63,False
2023-12-24,3,14,27,0,25,False,72,8,0,1,0,False,1,15,3,58,1,False,17,17,19,21,75,False,78,33,1,35,4,False,4,0,27,38,79,False,3,5,1,13,70,False,13,30,85,38,13,False,2,8,70,13,83,False,6,3,5,0,65,False,1,38,63,0,0,False,10,2,36,7,91,False,95,70,9,1,3,False,78,2,2,9,0,False,1,1,18,0,0,False,53,False
2023-12-31,4,11,28,0,21,False,66,9,0,1,0,False,1,14,4,54,1,False,14,17,19,22,73,False,79,34,1,34,5,False,4,0,26,33,66,False,2,6,1,14,68,False,13,26,80,40,13,False,1,8,69,13,59,False,5,3,4,0,69,False,1,33,61,0,0,False,9,2,32,4,78,False,72,64,7,1,2,False,81,2,2,9,0,False,0,1,18,0,0,False,56,False
2024-01-07,4,11,27,0,20,False,61,8,0,1,0,False,2,13,4,55,1,False,11,17,21,23,75,False,78,33,1,35,6,False,2,0,27,35,66,False,2,6,1,17,71,False,11,23,78,42,13,False,1,10,65,9,53,False,5,2,4,0,73,False,1,32,54,0,0,False,9,2,26,2,55,False,54,55,7,1,1,False,75,2,2,8,0,False,0,1,19,0,0,False,68,False
2024-01-14,4,10,33,0,20,False,58,6,0,1,0,False,2,13,4,56,1,False,11,17,21,24,76,False,79,37,1,35,5,False,2,0,28,32,61,False,2,6,1,17,69,False,11,23,74,40,14,False,1,9,68,9,48,False,5,2,4,0,65,False,1,33,54,0,0,False,9,2,27,2,53,False,52,53,8,1,1,False,77,2,2,8,0,False,0,1,17,0,0,False,70,False
2024-01-21,5,10,34,0,20,False,53,7,0,1,0,False,2,12,4,52,1,False,11,17,20,23,78,False,79,34,1,33,5,False,2,0,27,33,60,False,2,6,1,15,69,False,10,23,69,39,14,False,1,9,68,10,51,False,5,2,4,0,59,False,1,31,52,0,0,False,9,2,28,2,50,False,51,52,9,1,1,False,83,3,2,8,0,False,0,1,16,0,0,False,74,False
2024-01-28,5,10,26,0,19,False,52,6,0,1,0,False,2,14,4,48,1,False,11,17,21,22,77,False,83,34,1,34,5,False,1,0,24,34,62,False,2,6,1,15,71,False,10,21,62,38,13,False,1,10,68,9,49,False,5,2,4,0,58,False,1,33,56,0,0,False,9,2,27,2,46,False,45,52,10,1,1,False,82,2,2,8,0,False,0,1,14,0,0,False,78,False
2024-02-04,5,10,24,0,19,False,51,6,0,1,0,False,2,13,4,48,1,False,11,17,21,23,76,False,76,33,1,31,5,False,1,0,25,35,60,False,2,6,1,16,68,False,10,22,58,34,13,False,1,10,69,9,49,False,5,2,4,0,54,False,1,38,53,0,0,False,9,2,27,2,50,False,48,57,10,1,1,False,83,2,2,9,0,False,0,1,14,0,0,False,76,False
2024-02-11,5,9,25,0,17,False,50,6,0,1,0,False,2,12,4,46,1,False,11,17,21,23,74,False,83,34,1,31,5,False,1,0,24,35,64,False,2,6,1,16,69,False,9,21,59,35,17,False,1,9,61,9,53,False,5,2,4,0,52,False,1,33,50,0,0,False,8,2,27,2,47,False,52,51,10,1,1,False,82,2,2,10,0,False,0,1,12,0,0,False,67,False
2024-02-18,6,10,26,0,18,False,52,6,0,1,0,False,2,12,4,46,1,False,11,18,20,22,73,False,83,35,1,35,5,False,1,0,24,36,63,False,2,6,1,16,71,False,10,22,60,37,14,False,1,9,66,8,47,False,4,2,4,0,52,False,1,32,55,0,0,False,8,2,26,2,46,False,48,55,10,1,1,False,85,2,2,8,0,False,0,1,13,0,0,False,79,False
2024-02-25,6,10,25,0,19,False,53,5,0,1,0,False,2,14,3,46,1,False,12,17,19,25,77,False,84,34,1,34,5,False,1,0,25,38,62,False,2,7,1,16,67,False,10,23,52,37,14,False,1,9,65,9,50,False,5,2,4,0,58,False,1,33,52,0,0,False,8,2,28,2,46,False,49,52,11,1,1,False,82,2,2,9,0,False,0,1,13,0,0,False,81,False
2024-03-03,6,10,26,0,19,False,53,5,0,1,0,False,2,14,4,46,1,False,12,17,20,23,76,False,82,34,1,33,5,False,1,0,25,40,62,False,2,6,1,15,71,False,10,23,53,36,13,False,1,9,64,9,51,False,5,2,4,0,56,False,1,32,52,0,0,False,8,2,30,2,44,False,47,53,9,1,1,False,79,2,2,10,0,False,0,1,15,0,0,False,84,False
2024-03-10,6,10,29,0,19,False,51,6,0,1,0,False,2,12,3,49,1,False,11,17,20,23,75,False,81,32,1,33,5,False,1,0,25,39,60,False,2,6,1,15,70,False,10,23,57,35,12,False,1,9,63,8,48,False,5,2,4,0,55,False,1,30,47,0,0,False,8,1,30,2,46,False,47,50,9,1,1,False,77,2,2,10,0,False,0,1,14,0,0,False,86,False
2024-03-17,6,10,28,0,20,False,57,6,0,1,0,False,2,13,4,44,1,False,11,17,20,22,77,False,85,33,1,33,5,False,1,0,25,41,66,False,2,6,1,14,77,False,10,23,55,34,12,False,1,9,61,9,49,False,5,2,4,0,58,False,1,31,52,0,0,False,8,2,29,2,47,False,47,50,9,1,1,False,77,2,2,10,0,False,0,1,14,0,0,False,82,False
2024-03-24,5,9,29,0,22,False,58,6,0,1,0,False,2,13,4,41,1,False,13,17,22,22,76,False,87,35,1,33,5,False,1,0,24,44,65,False,2,6,1,14,73,False,10,23,53,33,13,False,2,9,61,8,51,False,4,2,5,0,62,False,1,31,53,0,0,False,7,1,32,2,50,False,54,55,11,1,1,False,77,3,2,12,0,False,0,1,13,0,0,False,69,False
2024-03-31,6,10,26,0,22,False,60,6,0,1,0,False,2,14,3,45,1,False,13,17,20,22,78,False,83,33,1,34,5,False,1,0,25,45,68,False,2,6,1,15,72,False,10,24,49,36,13,False,1,9,61,9,51,False,5,2,4,0,64,False,1,31,53,0,0,False,8,2,26,3,44,False,49,53,10,1,1,False,79,2,2,11,0,False,0,1,14,1,0,False,77,False
2024-04-07,6,10,29,0,22,False,57,6,0,1,0,False,2,13,3,47,1,False,12,18,20,22,80,False,84,33,1,35,5,False,2,0,26,45,67,False,2,6,1,15,74,False,10,26,48,34,14,False,1,9,58,9,50,False,5,2,4,0,66,False,1,31,52,0,0,False,8,2,28,2,42,False,49,52,10,1,1,False,79,2,2,9,0,False,0,1,13,0,0,False,89,False
2024-04-14,6,11,29,0,22,False,56,6,0,1,0,False,2,14,3,45,1,False,12,18,20,21,75,False,84,33,1,35,5,False,1,0,24,41,65,False,2,6,1,15,71,False,11,26,48,33,13,False,1,9,59,9,49,False,5,2,4,0,62,False,1,31,50,0,0,False,8,2,29,2,46,False,47,49,11,0,1,False,80,2,2,8,0,False,0,1,15,1,0,False,84,False
2024-04-21,6,10,29,0,21,False,55,6,0,1,0,False,2,12,3,46,1,False,12,17,21,22,76,False,82,34,1,33,5,False,2,0,24,42,64,False,2,6,1,15,75,False,11,26,52,34,13,False,1,10,62,9,52,False,5,2,4,0,61,False,1,29,50,0,0,False,8,2,29,2,46,False,50,48,10,0,1,False,82,2,2,9,0,False,0,1,13,0,0,False,85,False
2024-04-28,5,10,34,0,22,False,56,7,0,1,0,False,2,14,3,46,1,False,12,17,21,21,75,False,87,32,1,34,5,False,2,0,24,42,65,False,2,6,1,15,75,False,12,30,50,35,13,False,1,9,58,9,55,False,5,2,4,0,69,False,1,31,50,0,0,False,8,2,29,2,46,False,52,51,9,1,2,False,80,2,1,10,0,False,0,1,12,0,0,False,74,False
2024-05-05,6,11,29,0,22,False,56,6,0,1,0,False,2,14,3,46,1,False,13,16,19,21,74,False,88,31,1,31,5,False,1,0,24,39,61,False,2,7,1,15,74,False,11,30,52,35,13,False,1,9,57,9,55,False,5,2,4,0,67,False,1,34,52,0,0,False,8,2,27,2,43,False,49,49,9,0,2,False,81,2,2,9,0,False,0,1,12,0,0,False,82,False
2024-05-12,6,10,35,0,22,False,57,6,0,1,0,False,2,13,3,50,1,False,11,17,20,22,73,False,81,32,1,32,5,False,1,0,24,40,64,False,2,6,1,15,77,False,11,27,49,36,12,False,1,9,57,9,52,False,5,2,4,0,65,False,1,31,50,0,0,False,7,1,28,2,45,False,52,47,9,1,1,False,81,2,2,8,0,False,0,1,12,0,0,False,84,False
2024-05-19,6,11,29,0,22,False,58,6,0,1,0,False,2,13,3,43,1,False,13,17,20,22,76,False,83,33,1,34,5,False,1,0,24,39,61,False,2,6,1,15,74,False,10,27,48,38,13,False,1,9,57,9,48,False,5,2,4,0,65,False,1,31,49,0,0,False,8,2,28,2,44,False,48,52,10,1,1,False,84,2,2,9,0,False,0,1,13,0,0,False,84,False
2024-05-26,5,11,35,0,22,False,59,6,0,1,0,False,2,14,3,44,1,False,12,17,20,21,67,False,83,33,1,34,5,False,1,0,23,39,60,False,2,6,1,15,78,False,11,26,47,36,13,False,1,9,56,8,51,False,5,2,4,0,67,False,1,29,54,0,0,False,9,2,29,2,46,False,47,49,9,1,2,False,83,3,2,10,0,False,0,1,13,0,0,False,78,False
2024-06-02,5,11,37,0,21,False,57,6,0,1,0,False,2,22,4,47,1,False,12,15,20,22,75,False,84,31,1,31,5,False,1,0,24,42,60,False,2,7,1,16,77,False,12,28,46,38,14,False,1,9,55,9,54,False,5,2,4,0,67,False,1,31,51,0,0,False,8,2,29,2,46,False,46,48,9,1,2,False,86,3,2,12,0,False,0,1,16,0,0,False,77,False
2024-06-09,5,11,30,0,21,False,57,6,0,1,0,False,2,14,4,48,1,False,12,17,21,23,78,False,85,33,1,33,5,False,2,0,24,40,63,False,2,7,1,15,77,False,11,27,46,36,14,False,1,9,58,9,57,False,5,2,4,0,75,False,1,36,55,0,0,False,8,2,31,2,49,False,48,51,8,1,2,False,87,3,1,13,0,False,0,1,17,0,0,False,84,False
2024-06-16,5,10,28,0,23,False,58,6,0,1,0,False,2,13,4,44,1,False,12,17,20,23,77,False,92,35,1,34,5,False,1,0,24,41,62,False,3,6,1,15,79,False,11,27,44,37,15,False,1,9,56,9,53,False,5,2,4,0,71,False,1,32,53,0,0,False,8,2,30,3,49,False,47,50,8,1,2,False,90,3,2,12,0,False,0,1,14,0,0,False,83,False
2024-06-23,5,10,26,0,24,False,72,9,0,1,0,False,2,14,4,42,1,False,13,18,20,22,75,False,83,34,1,32,5,False,1,0,24,39,58,False,2,6,1,15,81,False,10,27,42,38,14,False,1,9,53,8,52,False,5,2,4,0,78,False,1,30,52,0,0,False,8,2,27,2,47,False,46,50,7,1,1,False,92,3,1,12,0,False,0,1,15,0,0,False,77,False
2024-06-30,5,10,31,0,22,False,64,7,0,1,0,False,2,14,3,46,1,False,12,16,20,22,74,False,83,35,1,35,5,False,1,0,24,41,58,False,3,7,3,15,80,False,11,27,46,39,15,False,1,8,52,8,53,False,5,2,4,0,82,False,1,31,52,0,0,False,9,2,27,3,47,False,49,50,8,1,2,False,94,3,2,9,0,False,0,1,16,0,0,False,75,False
2024-07-07,5,10,35,0,22,False,58,7,0,1,0,False,2,13,3,46,1,False,12,18,21,23,77,False,86,35,1,32,5,False,2,0,23,41,62,False,2,6,2,16,79,False,14,29,46,38,15,False,1,9,55,9,52,False,5,2,4,0,83,False,1,32,55,0,0,False,8,2,27,3,47,False,46,54,7,1,1,False,97,3,2,9,0,False,0,1,14,0,0,False,76,False
2024-07-14,5,10,32,0,21,False,55,6,0,1,0,False,1,17,3,47,1,False,12,18,21,23,72,False,86,34,1,34,5,False,2,0,22,41,65,False,2,6,1,16,86,False,12,30,54,40,15,False,1,9,56,9,53,False,5,2,4,0,85,False,1,33,54,0,0,False,8,2,28,3,48,False,49,54,9,1,2,False,94,3,2,10,0,False,0,1,15,0,0,False,78,False
2024-07-21,5,10,33,0,20,False,52,6,0,1,0,False,1,13,3,46,1,False,12,19,22,23,82,False,87,35,1,35,5,False,2,0,23,40,63,False,2,6,1,15,91,False,11,28,53,39,14,False,1,9,58,8,53,False,5,2,5,0,94,False,1,32,56,0,0,False,10,2,28,2,48,False,49,49,9,1,2,False,97,3,2,10,0,False,0,1,14,0,0,False,72,False
2024-07-28,5,9,59,0,19,False,49,6,0,1,0,False,1,14,3,45,1,False,12,18,21,21,79,False,84,35,1,34,5,False,2,0,23,38,64,False,2,5,1,16,87,False,11,28,50,38,12,False,1,9,56,9,54,False,4,2,7,0,95,False,1,29,57,0,0,False,13,2,31,2,44,False,47,48,9,1,1,False,94,3,2,9,0,False,0,1,14,0,0,False,68,False
2024-08-04,5,10,39,0,19,False,50,5,0,1,0,False,1,13,4,50,1,False,12,18,20,21,78,False,87,34,1,33,5,False,2,0,24,43,66,False,3,6,1,17,90,False,11,31,47,38,13,False,1,9,58,8,56,False,5,2,6,0,92,False,1,33,55,0,0,False,13,2,28,2,45,False,49,46,9,1,1,False,92,3,2,10,0,False,0,1,18,0,0,False,72,False
2024-08-11,6,10,31,0,19,False,52,6,0,1,0,False,1,13,4,48,1,False,12,18,25,22,79,False,91,37,1,37,6,False,2,0,24,42,67,False,2,6,1,16,91,False,11,31,49,38,13,False,2,9,59,9,56,False,5,2,5,0,86,False,1,32,57,0,0,False,12,2,30,2,47,False,51,55,9,1,1,False,96,3,2,11,0,False,0,1,15,0,0,False,72,False
2024-08-18,5,10,28,0,20,False,54,6,0,1,0,False,1,12,4,47,1,False,12,18,22,22,79,False,91,38,1,35,5,False,2,0,24,41,69,False,2,6,1,16,90,False,11,29,51,38,12,False,2,9,63,8,57,False,5,2,4,0,75,False,1,33,58,0,0,False,11,2,30,2,49,False,52,50,10,1,1,False,95,3,2,10,0,False,0,1,14,0,0,False,78,False
2024-08-25,5,11,30,0,21,False,53,6,0,1,0,False,1,13,3,43,1,False,12,18,21,22,79,False,84,36,1,33,5,False,1,0,23,41,69,False,2,6,1,16,82,False,11,31,50,36,13,False,1,9,61,9,54,False,5,2,4,0,71,False,1,34,53,0,0,False,11,2,27,2,49,False,49,48,9,1,1,False,87,2,2,9,0,False,0,1,14,0,0,False,72,False
2024-09-01,5,10,100,0,21,False,55,6,0,1,0,False,1,13,4,48,1,False,12,17,21,24,77,False,85,35,1,35,5,False,2,0,24,42,65,False,2,6,1,15,78,False,10,26,52,37,13,False,1,10,61,9,56,False,5,2,4,0,70,False,1,35,54,0,0,False,9,2,27,2,49,False,50,50,10,1,1,False,81,2,2,9,0,False,0,1,15,0,0,False,76,False
2024-09-08,5,10,27,0,25,False,58,7,0,1,0,False,1,12,3,46,1,False,12,17,20,23,75,False,82,35,1,35,5,False,1,0,24,41,63,False,2,7,1,16,75,False,10,24,52,38,13,False,1,10,64,9,54,False,5,2,4,0,71,False,1,54,96,0,0,False,8,2,28,2,47,False,50,54,10,1,2,False,85,2,2,9,0,False,0,1,15,0,0,False,75,False
2024-09-15,5,11,25,0,24,False,58,7,0,1,0,False,1,10,3,42,1,False,11,17,21,23,80,False,83,36,1,33,5,False,1,0,23,38,59,False,2,6,1,15,74,False,10,23,56,37,11,False,1,10,66,9,55,False,5,2,4,0,64,False,1,43,78,0,0,False,8,2,28,2,47,False,52,44,9,1,1,False,81,2,2,9,0,False,0,1,14,0,0,False,78,False
2024-09-22,5,10,25,0,24,False,58,7,0,1,0,False,1,13,3,40,1,False,11,17,21,22,73,False,80,36,1,34,6,False,2,0,23,36,60,False,2,6,1,15,73,False,10,24,53,37,13,False,1,10,68,9,54,False,5,2,4,0,63,False,1,42,74,0,0,False,8,2,26,2,46,False,49,47,10,1,1,False,78,2,2,8,0,False,0,1,13,0,0,False,79,False
2024-09-29,5,11,28,0,25,False,60,7,0,1,0,False,1,20,4,42,1,False,11,17,20,23,70,False,81,33,1,34,5,False,2,0,23,39,60,False,2,6,1,15,72,False,11,25,55,38,13,False,1,10,66,10,58,False,5,2,4,0,60,False,1,39,61,0,0,False,9,2,27,2,48,False,49,49,10,1,1,False,75,2,2,8,0,False,0,1,13,0,0,False,77,False
2024-10-06,5,10,28,0,24,False,60,7,0,1,0,False,2,13,3,42,1,False,11,16,20,23,74,False,80,34,1,34,5,False,2,0,23,38,60,False,2,7,1,15,71,False,12,25,55,38,12,False,1,10,68,9,57,False,5,2,4,0,58,False,1,38,62,0,0,False,7,2,27,2,48,False,49,48,8,0,1,False,76,2,2,9,0,False,0,1,12,0,0,False,79,False
2024-10-13,5,11,27,0,22,False,58,7,0,1,0,False,1,11,3,43,1,False,11,16,20,25,75,False,79,42,1,36,6,False,2,0,24,37,56,False,2,6,1,17,71,False,13,23,58,38,13,False,1,9,68,10,58,False,5,2,4,0,54,False,1,34,59,0,0,False,7,2,27,2,49,False,51,49,8,1,1,False,80,2,2,8,0,False,0,1,12,0,0,False,84,False
2024-10-20,6,10,25,0,23,False,57,6,0,1,0,False,1,12,3,39,1,False,11,16,21,23,77,False,82,42,1,35,5,False,2,0,25,37,57,False,2,7,1,18,72,False,12,23,61,37,13,False,1,10,70,10,57,False,5,2,4,0,57,False,1,36,57,0,0,False,7,2,26,2,49,False,50,45,9,1,1,False,72,2,2,8,0,False,0,1,12,0,0,False,79,False
2024-10-27,5,10,25,0,22,False,59,6,0,1,0,False,1,11,3,38,1,False,12,16,21,23,76,False,80,34,1,36,5,False,2,0,23,37,60,False,2,6,1,15,66,False,11,24,64,35,12,False,1,9,75,10,61,False,6,2,4,0,53,False,1,38,57,0,0,False,8,1,27,2,54,False,52,47,9,1,1,False,68,2,2,8,0,False,0,1,14,0,0,False,80,False
2024-11-03,5,10,27,0,23,False,57,6,0,1,0,False,1,15,3,44,1,False,11,15,20,22,72,False,76,31,1,35,6,False,2,0,23,37,61,False,2,7,1,17,70,False,12,22,62,40,13,False,1,9,76,10,63,False,5,2,4,0,53,False,1,34,56,0,0,False,7,1,24,2,49,False,48,44,8,1,2,False,70,2,2,8,0,False,0,1,20,0,0,False,85,False
2024-11-10,5,11,30,0,23,False,65,7,0,1,0,False,1,13,4,44,1,False,11,16,20,24,77,False,79,34,1,35,5,False,2,0,23,39,66,False,2,7,1,17,68,False,12,24,68,42,14,False,1,10,81,10,67,False,5,2,10,0,57,False,1,36,57,0,0,False,7,2,24,2,52,False,53,47,9,1,2,False,71,2,2,8,0,False,0,1,15,0,0,False,85,False
2024-11-17,5,11,29,0,26,False,73,7,0,1,0,False,2,13,4,41,1,False,12,16,21,23,75,False,78,33,1,35,5,False,2,0,22,41,72,False,3,7,3,18,67,False,13,24,78,47,14,False,1,10,83,10,74,False,6,2,7,0,60,False,1,40,59,0,0,False,9,2,25,2,54,False,54,47,8,1,2,False,69,2,2,8,0,False,0,1,13,0,0,False,84,False
2024-11-24,6,13,30,0,34,False,98,11,0,1,0,False,2,18,4,43,1,False,13,16,21,21,75,False,74,33,1,34,5,False,3,0,24,50,93,False,3,6,1,19,69,False,16,27,91,41,15,False,1,9,85,11,82,False,5,2,6,0,66,False,1,43,67,0,0,False,14,3,25,3,60,False,56,53,8,1,2,False,67,2,2,8,0,False,0,1,15,0,0,False,84,False
2024-12-01,5,12,30,0,28,False,70,7,0,1,0,False,1,17,3,42,1,False,13,15,20,21,75,False,77,32,1,35,5,False,3,0,24,42,80,False,3,6,1,15,63,False,14,26,75,36,13,False,1,9,86,11,82,False,6,2,6,0,63,False,1,43,62,0,0,False,9,2,27,3,61,False,57,47,8,1,2,False,69,2,2,8,0,False,0,1,14,0,0,False,74,False
2024-12-08,5,12,28,0,26,False,71,7,0,1,0,False,2,16,3,44,1,False,13,17,20,22,74,False,76,33,1,36,5,False,3,0,23,39,76,False,3,6,2,15,66,False,14,24,76,34,12,False,1,9,85,11,84,False,6,2,6,0,65,False,1,36,60,0,0,False,8,2,26,3,70,False,64,51,8,1,2,False,68,2,2,8,0,False,0,1,13,0,0,False,73,False
2024-12-15,5,13,27,0,25,False,69,7,0,1,0,False,1,17,3,48,1,False,14,16,20,21,73,False,80,33,0,36,5,False,4,0,23,38,74,False,4,6,2,15,65,False,15,26,77,34,12,False,1,9,77,11,89,False,6,2,6,0,64,False,1,38,58,0,0,False,9,2,27,4,74,False,78,52,7,1,2,False,68,2,2,8,0,False,0,1,18,0,0,False,74,False
2024-12-22,4,12,26,0,25,False,84,8,0,1,0,False,1,14,3,37,1,False,18,17,21,21,78,False,83,32,1,38,4,False,4,0,23,40,72,False,4,6,2,13,70,False,17,30,100,36,13,False,2,7,72,14,100,False,6,2,5,0,69,False,1,44,68,0,0,False,9,2,33,5,88,False,100,69,7,1,2,False,76,2,2,9,0,False,1,1,18,0,0,False,53,False
2024-12-29,4,10,25,0,24,False,69,8,0,1,0,False,1,12,3,32,1,False,14,15,22,21,81,False,83,34,1,37,4,False,3,0,24,36,65,False,2,5,1,14,68,False,14,28,95,40,13,False,2,8,70,12,67,False,5,3,4,0,68,False,1,40,68,0,0,False,6,2,31,4,80,False,78,71,6,1,2,False,77,2,2,9,0,False,1,1,14,0,0,False,51,False
2025-01-05,5,9,24,0,21,False,68,8,0,1,0,False,1,12,3,37,1,False,11,17,21,24,80,False,80,34,1,38,6,False,2,0,23,35,62,False,2,5,1,16,68,False,14,25,95,41,13,False,1,9,71,10,58,False,4,2,4,0,65,False,1,37,59,0,0,False,7,2,23,2,49,False,50,56,6,0,1,False,78,2,2,8,0,False,0,1,12,0,0,False,71,False
2025-01-12,5,9,28,0,19,False,60,6,0,1,0,False,2,11,3,38,1,False,10,18,23,24,86,False,81,34,1,36,5,False,1,0,24,35,57,False,2,6,1,16,68,False,12,23,84,41,13,False,1,9,71,9,55,False,5,2,4,0,55,False,1,36,56,0,0,False,7,1,24,2,47,False,46,66,7,1,1,False,78,2,2,8,0,False,0,1,12,0,0,False,73,False
2025-01-19,5,9,29,0,18,False,56,6,0,1,0,False,1,10,3,37,1,False,10,17,22,24,80,False,82,33,1,37,5,False,1,0,23,33,55,False,2,6,1,15,64,False,11,21,79,39,12,False,1,9,71,9,52,False,5,2,4,0,50,False,1,34,55,0,0,False,7,2,23,2,48,False,47,52,7,0,1,False,74,2,2,8,0,False,0,1,12,0,0,False,80,False
2025-01-26,6,9,25,0,18,False,50,6,0,1,0,False,2,12,3,37,1,False,11,18,22,24,82,False,79,34,1,37,5,False,1,0,25,35,57,False,2,6,1,15,70,False,11,22,76,39,12,False,1,10,71,9,54,False,5,2,4,0,51,False,1,34,55,0,0,False,7,2,25,2,46,False,46,54,8,0,1,False,69,2,2,8,0,False,0,1,14,0,0,False,82,False
2025-02-02,6,9,25,0,18,False,52,6,0,1,0,False,1,11,3,37,1,False,11,18,22,23,80,False,81,36,1,36,5,False,1,0,25,35,58,False,2,6,1,16,72,False,10,22,74,37,13,False,1,10,70,9,56,False,4,2,4,0,48,False,1,36,54,0,0,False,7,1,25,2,46,False,45,80,7,1,1,False,70,2,2,8,0,False,0,1,14,0,0,False,81,False
2025-02-09,6,9,25,0,16,False,52,5,0,1,0,False,1,10,3,35,1,False,11,16,21,22,74,False,76,32,1,35,5,False,1,0,25,33,57,False,2,7,1,15,68,False,10,22,71,36,12,False,1,9,68,9,59,False,4,2,4,0,47,False,1,34,55,0,0,False,7,1,24,2,48,False,49,61,8,1,1,False,70,2,1,8,0,False,0,1,11,0,0,False,81,False
2025-02-16,6,9,25,0,17,False,50,5,0,1,0,False,1,10,3,36,1,False,11,18,22,24,78,False,84,33,1,35,5,False,1,0,24,34,55,False,2,6,1,16,70,False,10,22,74,36,13,False,1,9,67,9,53,False,5,2,4,0,47,False,1,37,60,0,0,False,7,1,24,2,44,False,45,51,8,1,1,False,70,2,1,8,0,False,0,1,11,0,0,False,81,False
2025-02-23,6,9,23,0,17,False,49,5,0,1,0,False,1,11,3,35,1,False,11,18,22,23,75,False,81,34,1,34,5,False,1,0,24,35,61,False,2,7,1,15,67,False,9,22,68,36,12,False,1,9,69,9,54,False,5,2,4,0,45,False,1,35,57,0,0,False,7,1,24,2,45,False,44,52,8,1,1,False,69,2,2,7,0,False,0,1,11,0,0,False,83,False
2025-03-02,5,9,25,0,18,False,50,5,0,1,0,False,1,12,3,33,1,False,11,17,21,22,72,False,80,33,1,34,5,False,1,0,23,37,59,False,2,6,1,16,70,False,9,23,64,35,13,False,1,9,65,8,54,False,4,2,4,0,46,False,1,33,56,0,0,False,7,1,25,2,45,False,44,50,7,0,1,False,70,2,1,8,0,False,0,1,12,0,0,False,70,False
2025-03-09,6,9,26,0,18,False,52,5,0,1,0,False,1,12,3,34,1,False,11,17,22,24,75,False,89,33,1,35,5,False,1,0,24,41,60,False,2,6,1,16,70,False,11,24,68,36,13,False,1,9,66,10,57,False,5,2,4,0,49,False,1,34,56,0,0,False,7,1,24,2,50,False,49,50,7,0,1,False,70,2,2,7,0,False,0,1,11,0,0,False,80,False
2025-03-16,7,10,27,0,19,False,56,6,0,1,0,False,2,11,3,35,1,False,10,18,22,24,82,False,86,33,1,37,6,False,1,0,24,42,63,False,2,6,1,15,70,False,11,89,64,38,13,False,1,9,66,9,62,False,5,2,4,0,49,False,1,33,54,0,0,False,7,1,27,2,46,False,46,50,7,0,1,False,72,2,1,8,0,False,0,1,15,0,0,False,78,False
2025-03-23,6,9,27,0,20,False,54,5,0,1,0,False,1,12,3,35,1,False,10,18,22,22,80,False,86,36,1,33,6,False,1,0,23,42,63,False,2,6,1,15,71,False,11,26,60,37,13,False,1,9,65,10,58,False,5,2,4,0,48,False,1,33,52,0,0,False,6,1,25,2,44,False,46,50,8,1,1,False,71,2,1,8,0,False,0,1,12,0,0,False,81,False
2025-03-30,7,10,26,0,21,False,56,6,0,1,0,False,1,13,3,37,1,False,12,18,22,24,82,False,88,35,1,37,6,False,2,0,24,43,65,False,2,7,1,15,74,False,12,29,59,37,13,False,1,9,62,10,57,False,5,2,4,0,52,False,1,36,57,0,0,False,8,1,26,2,44,False,48,52,8,1,1,False,68,2,2,8,0,False,0,1,13,1,0,False,90,False
2025-04-06,6,10,28,0,20,False,56,6,0,1,0,False,1,13,3,36,1,False,15,19,22,22,79,False,80,34,1,35,6,False,2,0,23,41,61,False,2,6,1,15,71,False,11,27,58,36,13,False,1,9,62,9,58,False,5,2,4,0,53,False,1,34,56,0,0,False,7,1,26,2,44,False,47,51,8,0,1,False,71,2,1,8,0,False,0,1,16,0,0,False,81,False
2025-04-13,5,9,26,0,20,False,54,6,0,0,0,False,1,10,3,32,1,False,17,18,21,22,75,False,86,34,1,36,5,False,1,0,22,40,62,False,2,7,1,12,72,False,10,26,60,34,13,False,1,9,62,8,57,False,4,2,4,0,53,False,1,32,59,0,0,False,6,1,28,2,44,False,52,55,8,0,1,False,74,2,1,8,0,False,0,1,14,0,0,False,65,False
2025-04-20,6,10,29,0,20,False,51,6,0,1,0,False,1,11,3,36,1,False,16,18,22,22,79,False,90,36,1,35,5,False,2,0,23,40,62,False,2,7,1,15,72,False,11,27,54,36,13,False,1,9,65,9,57,False,5,2,4,0,59,False,1,33,53,0,0,False,7,1,25,2,45,False,51,58,8,0,1,False,75,2,1,8,0,False,0,1,13,0,0,False,82,False
2025-04-27,6,10,29,0,21,False,54,6,0,1,0,False,1,12,3,35,1,False,14,18,22,21,80,False,85,34,1,35,5,False,2,0,23,39,61,False,2,6,1,15,88,False,12,31,53,38,12,False,1,9,61,10,60,False,5,2,5,0,65,False,1,33,53,0,0,False,8,1,26,2,46,False,50,62,7,0,1,False,75,2,2,9,0,False,0,1,11,0,0,False,75,False
2025-05-04,6,10,30,0,19,False,53,5,0,1,0,False,1,12,3,37,1,False,14,18,22,23,75,False,92,33,1,35,6,False,1,0,24,38,62,False,2,7,1,16,78,False,13,30,58,37,14,False,1,9,62,10,64,False,5,2,4,0,59,False,1,31,51,0,0,False,7,1,25,2,45,False,48,77,8,1,1,False,71,2,2,8,0,False,0,1,12,0,0,False,82,False
2025-05-11,6,11,32,0,21,False,55,6,0,1,0,False,1,11,3,41,1,False,13,18,22,23,77,False,88,33,1,35,6,False,1,0,25,40,58,False,2,7,1,16,73,False,13,30,56,39,14,False,1,9,64,10,60,False,5,2,4,0,58,False,1,35,53,0,0,False,6,1,26,2,45,False,47,69,8,1,1,False,75,2,2,8,0,False,0,1,12,0,0,False,91,False
2025-05-18,6,10,29,0,19,False,50,5,0,1,0,False,1,10,3,36,1,False,12,17,22,23,80,False,86,34,1,36,5,False,1,0,23,36,58,False,2,6,1,15,76,False,11,28,55,39,14,False,1,9,62,9,52,False,5,2,4,0,57,False,1,32,54,0,0,False,7,1,25,2,46,False,46,57,7,0,1,False,74,2,2,8,0,False,0,1,11,0,0,False,88,False
2025-05-25,6,10,33,0,21,False,54,6,0,1,0,False,1,12,3,40,1,False,13,17,23,23,78,False,88,35,1,37,5,False,1,0,24,37,58,False,2,7,1,16,85,False,12,31,55,40,13,False,1,9,61,10,60,False,5,2,4,0,63,False,1,30,53,0,0,False,8,1,26,2,46,False,45,60,7,1,1,False,81,2,2,8,0,False,0,1,11,0,0,False,87,False
2025-06-01,6,11,37,0,22,False,55,6,0,1,0,False,1,19,4,40,1,False,13,18,22,23,82,False,90,35,1,37,6,False,1,0,24,39,62,False,2,7,1,17,85,False,17,29,56,43,15,False,1,9,62,11,65,False,5,2,4,0,63,False,1,31,55,0,0,False,8,2,26,2,48,False,48,66,8,0,2,False,83,2,2,8,0,False,0,1,11,0,0,False,89,False
2025-06-08,6,10,32,0,20,False,54,6,0,1,0,False,1,12,3,38,1,False,13,18,23,22,76,False,87,35,1,36,6,False,1,0,23,38,59,False,2,7,1,17,85,False,15,31,54,39,13,False,1,9,60,10,77,False,5,2,5,0,64,False,1,36,55,0,0,False,7,2,28,2,49,False,48,63,8,1,2,False,83,2,2,8,0,False,0,1,11,0,0,False,84,False
2025-06-15,5,10,29,0,22,False,55,6,0,1,0,False,1,11,3,35,1,False,12,19,22,23,80,False,92,42,1,35,6,False,1,0,23,37,57,False,2,7,1,17,85,False,13,30,52,40,14,False,1,10,60,10,61,False,5,2,5,0,69,False,1,34,53,0,0,False,7,1,26,2,49,False,50,82,8,1,2,False,85,2,2,8,0,False,0,1,11,0,0,False,79,False
2025-06-22,5,10,26,0,22,False,72,8,0,1,0,False,1,11,3,35,1,False,12,19,23,23,79,False,96,43,1,35,6,False,1,0,23,35,55,False,2,6,1,18,90,False,13,30,51,44,14,False,1,10,59,8,57,False,5,2,5,0,71,False,1,32,55,0,0,False,8,1,24,2,48,False,46,80,7,0,1,False,85,2,2,8,0,False,0,1,12,0,0,False,78,False
2025-06-29,5,10,30,0,22,False,59,7,0,1,0,False,1,11,3,34,1,False,12,18,23,23,81,False,87,36,1,39,6,False,1,0,23,36,56,False,2,7,1,19,95,False,13,30,50,40,14,False,1,9,62,9,59,False,5,2,5,0,75,False,1,32,54,0,0,False,8,1,25,2,45,False,46,62,7,0,1,False,79,2,2,8,0,False,0,1,13,0,0,False,80,False
2025-07-06,5,10,35,0,20,False,53,6,0,1,0,False,1,11,3,35,1,False,12,19,26,25,82,False,98,35,1,36,6,False,2,0,23,38,57,False,3,7,1,18,97,False,13,30,60,41,14,False,1,9,64,9,59,False,5,2,5,0,74,False,1,34,56,0,0,False,7,1,26,2,45,False,48,65,7,0,1,False,89,2,2,9,0,False,0,1,13,0,0,False,79,False
2025-07-13,6,10,30,0,20,False,51,6,0,1,0,False,1,14,3,36,1,False,12,20,25,25,97,False,96,38,1,42,6,False,2,0,22,39,59,False,2,8,1,18,98,False,12,32,60,43,14,False,1,10,63,10,59,False,5,2,5,0,78,False,1,33,55,0,0,False,8,1,27,2,48,False,45,70,7,1,1,False,93,3,2,9,0,False,0,1,12,1,0,False,79,False
2025-07-20,5,10,27,0,19,False,50,6,0,1,0,False,1,11,3,35,1,False,12,20,24,27,100,False,99,39,1,39,6,False,2,0,23,38,61,False,2,7,1,19,92,False,11,31,59,44,14,False,1,10,68,10,64,False,5,2,5,0,72,False,1,35,58,0,0,False,9,1,28,3,48,False,50,70,7,1,1,False,94,3,2,9,0,False,0,1,12,0,0,False,84,False
2025-07-27,6,10,29,0,20,False,49,6,0,1,0,False,1,12,3,36,1,False,12,20,25,26,100,False,100,39,1,39,7,False,2,0,24,43,65,False,2,7,1,19,93,False,12,31,57,42,15,False,1,11,72,9,67,False,5,2,5,0,74,False,1,36,62,0,0,False,11,2,31,2,47,False,52,66,8,1,1,False,83,3,2,9,0,False,0,1,12,0,0,False,87,False
2025-08-03,6,10,30,0,20,True,51,6,0,1,0,True,2,12,3,37,1,True,12,20,25,26,97,True,100,40,1,38,8,True,2,0,24,44,65,True,2,7,1,21,100,True,12,31,61,43,14,True,1,11,73,10,69,True,5,2,5,0,76,True,1,38,60,0,0,True,11,2,27,2,48,True,51,59,8,1,1,True,100,2,3,10,0,True,0,1,12,1,0,True,89,True
