date,Agroquimicos,abonos,textiles,isPartial,logistica,manufactura,telas,isPartial,aceites,químicos,maquinas,isPartial,equipo,herramientas,confección,isPartial,cuero,maleta,zona franca,isPartial,zapatos,marroquineria,materia prima,isPartial,hierro,acero,imusa,isPartial,Reficar,repuesto,jabón,isPartial,caucho,plastico,metales,isPartial,vidrio,vehículo,carrocería,isPartial,ensamblaje,mueble,colchón,isPartial,fábrica,hotel,hoteles,isPartial,construccion,restaurante,restaurantes,isPartial,vivienda,jeans,importar,isPartial,dólar,prestamo,exportar,isPartial,agro,isPartial
2020-08-02,3,10,70,False,80,8,93,False,19,14,99,False,44,22,1,False,71,45,10,False,65,0,4,False,78,47,3,False,0,73,40,False,6,96,15,False,96,17,1,False,1,92,21,False,1,83,3,False,5,60,17,False,7,64,2,False,40,32,5,False,64,False
2020-08-09,3,10,70,False,78,9,87,False,21,16,98,False,50,23,1,False,74,44,9,False,63,0,4,False,77,50,3,False,0,71,41,False,6,95,17,False,96,17,1,False,1,98,20,False,1,81,3,False,5,62,17,False,6,62,2,False,41,32,5,False,67,False
2020-08-16,3,10,76,False,82,9,91,False,20,16,100,False,51,23,3,False,73,42,10,False,64,0,4,False,75,51,2,False,0,72,41,False,6,92,16,False,93,17,1,False,1,100,20,False,1,82,3,False,5,63,17,False,7,64,2,False,40,20,5,False,69,False
2020-08-23,3,11,75,False,82,9,89,False,19,19,99,False,53,25,1,False,70,41,10,False,65,0,5,False,77,51,3,False,0,72,39,False,6,94,18,False,95,16,1,False,1,95,19,False,1,72,2,False,5,60,16,False,7,65,2,False,40,18,5,False,65,False
2020-08-30,3,11,74,False,80,11,85,False,19,18,96,False,50,26,1,False,73,42,10,False,71,0,6,False,74,51,2,False,0,70,40,False,7,93,19,False,87,16,1,False,2,97,19,False,0,76,2,False,5,60,16,False,6,68,2,False,41,18,5,False,64,False
2020-09-06,3,11,76,False,76,12,92,False,18,18,94,False,49,27,1,False,71,39,10,False,66,0,6,False,74,53,2,False,0,65,37,False,6,98,21,False,100,17,1,False,2,91,18,False,0,70,2,False,6,66,17,False,6,69,2,False,39,25,5,False,68,False
2020-09-13,3,10,77,False,85,12,86,False,19,23,91,False,50,27,1,False,71,40,10,False,66,0,5,False,74,52,2,False,0,65,38,False,6,100,20,False,90,16,1,False,2,85,17,False,0,63,2,False,6,56,15,False,7,68,2,False,47,17,5,False,68,False
2020-09-20,4,9,73,False,86,13,83,False,19,25,95,False,53,27,1,False,73,40,10,False,71,0,5,False,68,50,2,False,0,64,39,False,6,93,22,False,91,18,1,False,2,91,16,False,0,60,2,False,5,62,14,False,8,69,2,False,41,17,5,False,64,False
2020-09-27,3,9,74,False,86,13,84,False,19,24,99,False,52,27,1,False,73,41,10,False,71,0,5,False,70,50,2,False,0,66,42,False,6,97,21,False,94,18,1,False,2,89,17,False,0,65,2,False,6,65,14,False,7,71,2,False,42,16,5,False,65,False
2020-10-04,3,7,80,False,90,12,84,False,18,21,89,False,50,27,1,False,74,40,10,False,74,0,5,False,80,49,2,False,0,62,39,False,6,95,20,False,93,18,1,False,2,87,16,False,0,70,2,False,6,55,16,False,7,70,1,False,42,21,5,False,65,False
2020-10-11,3,9,77,False,70,10,79,False,18,20,90,False,49,27,1,False,76,37,9,False,72,0,7,False,78,48,2,False,0,67,43,False,6,85,19,False,86,17,1,False,2,83,17,False,0,57,2,False,5,57,16,False,6,69,1,False,41,17,4,False,66,False
2020-10-18,3,11,79,False,80,11,83,False,20,22,92,False,51,28,1,False,74,37,9,False,72,0,6,False,78,44,2,False,0,69,45,False,6,89,26,False,94,18,1,False,2,84,17,False,0,56,2,False,6,50,12,False,6,69,2,False,42,16,5,False,67,False
2020-10-25,3,11,75,False,75,10,81,False,18,25,92,False,49,25,1,False,75,37,10,False,66,0,5,False,76,51,2,False,1,64,36,False,7,90,25,False,92,18,1,False,2,85,16,False,0,52,2,False,5,48,13,False,7,69,1,False,48,14,5,False,66,False
2020-11-01,3,8,71,False,64,9,73,False,16,22,84,False,46,23,1,False,72,35,8,False,66,0,4,False,71,45,2,False,0,63,35,False,6,80,21,False,86,16,1,False,2,85,17,False,0,46,2,False,5,45,12,False,6,62,1,False,47,14,4,False,58,False
2020-11-08,3,9,71,False,82,10,76,False,19,25,93,False,50,28,1,False,76,42,9,False,73,0,5,False,94,51,2,False,0,68,39,False,7,91,25,False,92,17,1,False,2,91,20,False,0,48,2,False,5,48,12,False,7,71,2,False,59,19,5,False,60,False
2020-11-15,3,9,71,False,76,9,85,False,18,23,94,False,49,26,1,False,77,44,10,False,75,0,5,False,87,50,3,False,0,66,38,False,6,87,23,False,90,17,1,False,2,93,21,False,0,45,2,False,5,46,13,False,6,68,1,False,49,15,5,False,62,False
2020-11-22,3,8,68,False,77,10,80,False,18,23,95,False,50,27,1,False,82,47,9,False,78,0,5,False,77,47,3,False,0,64,38,False,6,89,23,False,95,16,1,False,2,90,19,False,0,45,2,False,5,48,12,False,6,80,1,False,49,14,4,False,62,False
2020-11-29,3,7,71,False,81,10,80,False,19,21,90,False,47,24,1,False,79,47,10,False,77,0,5,False,74,47,2,False,0,67,34,False,6,90,20,False,92,17,1,False,2,80,18,False,0,46,2,False,5,48,13,False,5,73,1,False,50,14,5,False,64,False
2020-12-06,2,7,72,False,74,8,70,False,17,16,81,False,48,22,1,False,80,48,9,False,80,0,5,False,76,46,2,False,0,67,35,False,5,87,18,False,81,17,1,False,2,81,17,False,0,46,2,False,4,52,14,False,5,70,1,False,47,14,4,False,65,False
2020-12-13,2,7,68,False,70,8,66,False,16,15,81,False,45,21,1,False,87,50,9,False,80,1,3,False,69,45,2,False,0,69,34,False,5,78,15,False,83,18,1,False,1,74,17,False,0,47,2,False,4,55,14,False,5,71,1,False,48,12,4,False,68,False
2020-12-20,2,5,51,False,48,3,54,False,15,6,63,False,39,14,0,False,77,46,7,False,82,0,2,False,64,36,2,False,0,55,30,False,4,68,9,False,69,15,1,False,1,66,16,False,0,48,2,False,3,55,15,False,3,69,1,False,43,9,3,False,59,False
2020-12-27,1,5,54,False,41,3,52,False,15,5,63,False,37,12,0,False,79,40,6,False,70,0,1,False,69,37,2,False,0,61,31,False,4,69,8,False,70,14,1,False,1,73,18,False,0,54,2,False,3,57,17,False,4,74,1,False,43,10,3,False,55,False
2021-01-03,2,5,70,False,62,5,64,False,17,7,76,False,38,15,1,False,70,43,8,False,65,0,2,False,67,42,2,False,0,72,36,False,5,81,10,False,78,17,1,False,1,83,17,False,0,51,2,False,4,48,13,False,5,64,1,False,50,13,4,False,64,False
2021-01-10,2,6,71,False,73,8,67,False,17,11,81,False,47,19,1,False,69,40,9,False,61,0,3,False,69,46,2,False,0,70,36,False,5,82,13,False,85,16,1,False,1,85,31,False,0,46,2,False,4,41,12,False,6,66,1,False,47,14,4,False,70,False
2021-01-17,2,7,70,False,75,9,70,False,18,13,84,False,46,19,1,False,71,38,9,False,61,0,4,False,74,46,2,False,0,72,37,False,6,83,16,False,87,18,1,False,2,88,17,False,0,50,2,False,5,41,12,False,6,64,1,False,44,13,4,False,69,False
2021-01-24,2,6,70,False,71,10,72,False,18,13,87,False,47,19,1,False,70,40,9,False,60,0,3,False,71,47,2,False,0,76,39,False,6,88,17,False,99,16,1,False,1,91,17,False,0,50,2,False,5,43,12,False,6,66,2,False,45,13,4,False,68,False
2021-01-31,3,7,73,False,73,11,72,False,18,13,88,False,47,21,1,False,74,36,8,False,59,0,3,False,73,48,2,False,0,69,40,False,5,85,17,False,90,16,1,False,1,93,18,False,0,48,2,False,5,41,12,False,7,65,1,False,42,14,4,False,69,False
2021-02-07,3,8,70,False,77,10,71,False,18,15,87,False,49,23,1,False,71,38,9,False,59,0,4,False,71,50,2,False,0,69,40,False,6,82,21,False,86,16,1,False,2,89,17,False,0,56,2,False,5,44,13,False,6,63,1,False,40,14,4,False,69,False
2021-02-14,3,7,70,False,73,9,70,False,16,16,85,False,46,23,1,False,71,37,9,False,60,0,4,False,70,47,2,False,0,66,42,False,6,83,19,False,84,17,1,False,1,87,16,False,0,60,2,False,4,49,14,False,6,68,1,False,38,12,4,False,66,False
2021-02-21,3,8,71,False,81,10,71,False,18,19,92,False,48,25,1,False,71,39,9,False,65,0,5,False,81,49,2,False,0,70,44,False,6,85,23,False,93,21,1,False,2,88,17,False,0,53,2,False,5,44,13,False,7,73,2,False,43,13,4,False,67,False
2021-02-28,4,9,72,False,79,11,72,False,17,26,90,False,46,25,1,False,72,39,9,False,64,0,6,False,76,53,2,False,0,68,42,False,6,86,24,False,88,20,1,False,2,82,17,False,0,53,2,False,5,48,13,False,6,71,2,False,44,14,4,False,69,False
2021-03-07,3,7,70,False,77,11,72,False,17,21,87,False,48,26,1,False,69,40,10,False,66,0,6,False,71,49,2,False,0,68,42,False,6,85,22,False,83,19,1,False,2,81,18,False,0,50,3,False,5,46,14,False,6,71,2,False,48,14,5,False,68,False
2021-03-14,3,9,69,False,80,10,71,False,17,25,84,False,49,25,1,False,70,41,10,False,66,0,6,False,78,49,2,False,0,70,43,False,7,85,22,False,88,20,1,False,2,79,17,False,0,53,3,False,5,50,14,False,6,74,2,False,43,14,4,False,69,False
2021-03-21,3,7,65,False,80,11,73,False,17,22,83,False,48,25,1,False,71,39,9,False,66,0,6,False,74,51,2,False,0,65,42,False,6,86,24,False,85,19,1,False,2,77,17,False,0,56,3,False,5,47,14,False,6,71,1,False,43,15,4,False,72,False
2021-03-28,2,6,61,False,65,6,66,False,15,13,73,False,41,17,1,False,72,40,8,False,66,0,4,False,66,45,2,False,0,62,43,False,5,80,13,False,78,18,1,False,1,81,17,False,0,57,3,False,4,55,17,False,5,73,1,False,39,13,4,False,63,False
2021-04-04,3,8,66,False,74,8,71,False,17,26,81,False,48,21,1,False,71,40,10,False,67,0,5,False,68,50,2,False,0,67,42,False,6,83,18,False,84,19,1,False,1,80,17,False,0,54,3,False,5,45,13,False,7,75,1,False,43,19,4,False,67,False
2021-04-11,3,7,64,False,79,11,70,False,17,28,87,False,51,24,1,False,73,42,9,False,68,0,6,False,75,51,2,False,0,65,40,False,6,88,22,False,87,18,1,False,2,84,17,False,0,54,2,False,5,46,13,False,7,71,2,False,42,21,5,False,64,False
2021-04-18,3,9,65,False,79,15,74,False,17,27,88,False,53,26,1,False,77,42,9,False,76,0,6,False,80,55,2,False,0,67,43,False,6,91,25,False,93,19,1,False,2,88,17,False,1,56,3,False,6,52,15,False,7,76,2,False,45,27,5,False,68,False
2021-04-25,3,10,66,False,77,10,70,False,17,27,87,False,54,27,1,False,76,42,10,False,69,0,6,False,75,51,2,False,2,64,41,False,6,87,23,False,85,18,1,False,2,83,18,False,1,56,3,False,5,59,17,False,7,74,2,False,53,16,5,False,65,False
2021-05-02,3,9,65,False,76,10,70,False,15,23,96,False,51,24,1,False,76,42,9,False,68,0,5,False,74,55,2,False,2,66,42,False,6,84,22,False,91,18,1,False,2,72,18,False,0,59,3,False,5,59,17,False,6,72,2,False,50,27,4,False,64,False
2021-05-09,3,18,60,False,79,10,70,False,17,24,95,False,52,25,1,False,82,44,10,False,78,0,6,False,86,59,2,False,1,71,45,False,6,85,23,False,90,20,1,False,2,84,19,False,0,64,3,False,5,63,19,False,7,71,2,False,50,33,5,False,64,False
2021-05-16,3,12,61,False,80,10,68,False,17,25,95,False,58,24,1,False,80,45,11,False,79,0,5,False,77,57,3,False,1,66,41,False,6,86,22,False,89,19,1,False,2,82,17,False,0,70,3,False,5,60,18,False,7,72,2,False,49,22,5,False,69,False
2021-05-23,4,10,63,False,80,10,66,False,15,25,87,False,59,24,1,False,75,48,10,False,74,0,5,False,83,57,2,False,1,70,46,False,6,85,22,False,88,18,1,False,2,83,20,False,1,69,3,False,5,60,18,False,7,65,2,False,45,16,5,False,68,False
2021-05-30,3,10,62,False,73,11,68,False,17,22,86,False,63,25,1,False,81,50,9,False,78,0,5,False,80,59,2,False,1,69,70,False,6,87,24,False,92,19,1,False,2,86,21,False,1,75,3,False,5,65,19,False,7,67,2,False,50,17,5,False,72,False
2021-06-06,3,9,67,False,78,10,68,False,16,23,90,False,51,24,1,False,77,50,10,False,72,0,6,False,72,58,2,False,1,70,40,False,6,86,22,False,92,18,1,False,2,75,18,False,1,79,3,False,5,69,20,False,6,63,2,False,57,23,5,False,74,False
2021-06-13,3,9,67,False,77,10,69,False,16,25,89,False,57,25,1,False,79,53,10,False,74,0,5,False,72,57,2,False,1,67,41,False,6,83,21,False,86,18,1,False,2,77,19,False,1,80,3,False,5,64,20,False,6,61,2,False,49,18,4,False,71,False
2021-06-20,3,11,64,False,78,9,67,False,17,21,81,False,55,21,1,False,77,52,9,False,73,0,5,False,72,54,2,False,1,70,41,False,7,81,18,False,83,17,1,False,2,76,18,False,0,82,4,False,4,64,23,False,6,61,2,False,54,14,4,False,70,False
2021-06-27,3,11,63,False,70,9,66,False,16,18,79,False,55,20,1,False,77,54,10,False,71,0,5,False,70,54,2,False,0,75,42,False,9,76,16,False,82,18,1,False,2,72,18,False,0,85,4,False,4,64,21,False,6,62,1,False,56,15,4,False,68,False
2021-07-04,3,12,65,False,70,8,68,False,17,14,77,False,55,19,1,False,77,54,9,False,73,0,4,False,66,53,2,False,0,72,42,False,8,81,14,False,86,18,1,False,1,76,20,False,0,88,4,False,4,71,24,False,6,61,1,False,51,17,4,False,70,False
2021-07-11,3,11,69,False,71,8,66,False,16,14,78,False,54,20,1,False,75,56,10,False,73,0,4,False,66,52,2,False,0,75,41,False,8,86,15,False,86,20,1,False,1,76,20,False,0,89,4,False,4,74,25,False,6,65,1,False,51,16,4,False,75,False
2021-07-18,3,12,65,False,72,7,70,False,18,14,81,False,52,19,1,False,80,60,10,False,73,0,3,False,69,55,2,False,1,78,42,False,7,88,13,False,82,20,1,False,1,77,21,False,0,96,4,False,4,82,28,False,6,64,1,False,54,16,4,False,71,False
2021-07-25,3,13,68,False,70,7,65,False,16,13,77,False,62,19,1,False,70,58,9,False,72,0,3,False,65,50,2,False,0,75,43,False,6,80,12,False,82,19,1,False,1,73,19,False,0,82,4,False,4,76,27,False,6,65,1,False,57,14,4,False,70,False
2021-08-01,3,11,70,False,69,8,65,False,16,14,77,False,64,18,1,False,75,57,9,False,71,0,4,False,66,50,2,False,0,74,39,False,6,81,14,False,82,19,1,False,1,76,20,False,0,93,4,False,4,81,28,False,6,65,1,False,54,14,4,False,67,False
2021-08-08,3,11,67,False,72,8,66,False,15,16,78,False,62,20,1,False,73,59,9,False,71,0,4,False,63,51,2,False,0,77,41,False,6,83,15,False,85,19,1,False,1,75,20,False,0,93,4,False,4,81,29,False,6,66,1,False,52,17,4,False,68,False
2021-08-15,3,10,66,False,77,9,68,False,16,19,78,False,51,21,1,False,75,57,10,False,73,0,4,False,65,53,2,False,0,77,41,False,6,89,16,False,85,19,1,False,1,77,19,False,0,91,4,False,4,85,26,False,6,68,1,False,49,16,4,False,66,False
2021-08-22,3,9,65,False,75,10,69,False,15,20,78,False,53,21,1,False,75,57,10,False,71,0,5,False,70,53,2,False,1,76,40,False,6,91,16,False,83,20,1,False,1,77,20,False,0,82,3,False,5,79,23,False,6,69,1,False,46,14,4,False,62,False
2021-08-29,3,9,69,False,74,10,66,False,15,21,76,False,51,21,1,False,72,52,9,False,74,0,5,False,65,51,2,False,0,61,38,False,6,89,17,False,81,19,1,False,1,75,18,False,0,80,3,False,4,70,19,False,6,69,1,False,42,14,4,False,68,False
2021-09-05,3,10,71,False,71,11,65,False,15,20,76,False,48,23,1,False,70,47,9,False,71,0,5,False,63,50,2,False,0,64,37,False,6,86,20,False,82,19,1,False,1,68,17,False,0,78,3,False,5,71,20,False,6,70,1,False,43,14,4,False,64,False
2021-09-12,3,14,74,False,78,9,63,False,15,22,83,False,47,22,1,False,71,53,9,False,73,0,5,False,66,47,2,False,0,62,38,False,6,92,18,False,77,17,1,False,1,70,16,False,0,78,3,False,4,67,19,False,6,72,1,False,42,14,4,False,68,False
2021-09-19,3,10,76,False,76,11,63,False,15,23,77,False,48,24,1,False,70,48,9,False,75,0,5,False,68,47,2,False,0,58,38,False,6,86,18,False,80,18,1,False,1,67,15,False,0,73,3,False,4,66,18,False,6,70,1,False,40,13,4,False,68,False
2021-09-26,3,9,78,False,77,11,67,False,16,23,76,False,52,23,1,False,72,44,9,False,77,0,5,False,72,46,2,False,0,61,40,False,6,82,19,False,80,18,1,False,2,69,15,False,0,75,3,False,4,66,18,False,6,71,1,False,44,14,4,False,68,False
2021-10-03,3,9,75,False,74,9,65,False,15,22,81,False,48,24,1,False,75,53,9,False,78,0,4,False,68,73,2,False,0,56,38,False,6,81,20,False,80,18,1,False,2,70,17,False,0,78,3,False,4,67,19,False,6,75,1,False,45,15,4,False,66,False
2021-10-10,3,9,73,False,68,9,62,False,14,17,74,False,49,23,1,False,74,50,9,False,78,0,4,False,66,46,2,False,0,58,38,False,5,77,20,False,80,18,1,False,2,70,16,False,0,76,3,False,4,72,21,False,6,73,1,False,47,15,4,False,64,False
2021-10-17,3,11,78,False,76,9,70,False,15,19,79,False,53,23,1,False,78,48,13,False,77,0,5,False,82,51,2,False,1,70,40,False,6,84,21,False,84,18,1,False,2,71,16,False,0,75,3,False,5,64,19,False,6,72,1,False,47,15,5,False,68,False
2021-10-24,3,10,73,False,75,9,70,False,15,20,78,False,48,22,1,False,78,49,10,False,76,0,4,False,80,47,3,False,0,61,39,False,6,82,21,False,81,18,1,False,2,65,15,False,0,73,3,False,4,63,18,False,6,70,1,False,46,13,4,False,63,False
2021-10-31,3,9,70,False,65,8,66,False,15,20,77,False,47,22,1,False,79,50,9,False,76,0,4,False,74,47,2,False,0,64,37,False,6,76,19,False,80,18,1,False,2,68,17,False,0,72,3,False,4,68,20,False,5,70,1,False,44,13,4,False,58,False
2021-11-07,3,10,74,False,77,10,67,False,17,25,80,False,50,24,1,False,82,54,10,False,86,0,5,False,100,51,2,False,0,66,38,False,6,84,23,False,89,19,1,False,2,73,21,False,0,73,3,False,4,68,19,False,6,74,2,False,44,14,5,False,65,False
2021-11-14,3,9,72,False,72,10,68,False,16,20,80,False,49,23,1,False,82,55,9,False,87,0,5,False,80,47,2,False,0,63,37,False,6,82,21,False,83,19,1,False,2,72,20,False,0,70,3,False,4,67,20,False,6,73,1,False,43,14,4,False,61,False
2021-11-21,3,9,73,False,77,10,65,False,16,20,78,False,50,22,1,False,85,57,9,False,90,0,4,False,68,46,2,False,0,68,38,False,6,81,21,False,81,18,1,False,2,69,18,False,0,64,3,False,4,65,18,False,5,84,1,False,44,12,5,False,66,False
2021-11-28,4,9,69,False,75,8,65,False,15,18,72,False,48,21,1,False,83,59,9,False,85,0,4,False,66,45,3,False,0,63,36,False,5,79,21,False,80,17,1,False,2,67,16,False,0,63,3,False,4,64,19,False,5,77,1,False,46,12,4,False,62,False
2021-12-05,2,7,69,False,69,8,60,False,14,17,66,False,44,19,1,False,88,59,8,False,91,0,3,False,64,43,2,False,0,61,33,False,6,75,18,False,79,16,1,False,1,65,15,False,0,67,3,False,4,71,20,False,4,75,1,False,41,12,4,False,60,False
2021-12-12,3,7,67,False,69,6,55,False,15,14,63,False,45,18,1,False,87,59,8,False,90,0,3,False,65,42,2,False,0,66,32,False,5,75,15,False,70,17,1,False,1,56,15,False,0,68,3,False,4,65,17,False,4,72,1,False,42,12,4,False,60,False
2021-12-19,2,6,57,False,52,3,40,False,12,6,52,False,38,12,0,False,81,56,7,False,89,0,1,False,58,37,2,False,0,55,27,False,4,62,9,False,66,15,1,False,1,48,14,False,0,64,3,False,3,54,17,False,3,69,1,False,44,10,3,False,57,False
2021-12-26,1,6,61,False,46,3,42,False,12,15,53,False,35,11,0,False,74,51,6,False,77,0,1,False,60,35,2,False,0,60,30,False,4,61,8,False,64,15,1,False,1,60,16,False,0,76,3,False,3,66,21,False,4,75,1,False,42,10,3,False,57,False
2022-01-02,2,8,75,False,67,7,58,False,15,9,67,False,45,16,1,False,81,59,9,False,79,0,2,False,72,46,2,False,0,83,38,False,5,77,12,False,76,20,1,False,1,76,19,False,0,71,4,False,4,66,20,False,6,68,2,False,51,14,4,False,74,False
2022-01-09,2,8,76,False,78,8,60,False,16,11,73,False,48,18,1,False,72,56,9,False,69,0,3,False,71,51,2,False,0,78,40,False,5,78,15,False,78,20,1,False,1,81,20,False,0,67,3,False,4,61,16,False,6,68,1,False,50,14,5,False,71,False
2022-01-16,3,10,71,False,74,10,59,False,16,13,70,False,45,18,1,False,70,58,9,False,63,0,3,False,67,47,2,False,0,69,39,False,5,75,17,False,77,20,1,False,2,75,18,False,0,67,3,False,4,56,16,False,7,59,1,False,47,13,4,False,69,False
2022-01-23,3,9,76,False,79,11,66,False,16,15,75,False,52,21,1,False,75,58,9,False,67,1,4,False,72,51,2,False,0,79,43,False,6,82,20,False,85,26,2,False,2,84,21,False,0,68,3,False,4,60,18,False,7,63,2,False,53,13,5,False,75,False
2022-01-30,3,9,78,False,89,12,63,False,17,17,81,False,55,23,1,False,78,62,10,False,76,1,4,False,74,50,2,False,0,81,43,False,6,85,21,False,91,24,2,False,2,88,19,False,0,79,3,False,4,65,19,False,7,68,2,False,55,15,5,False,77,False
2022-02-06,3,11,77,False,90,13,68,False,16,19,80,False,53,25,1,False,83,62,10,False,75,1,5,False,73,55,2,False,0,82,45,False,7,85,23,False,86,25,2,False,2,79,18,False,1,76,3,False,5,67,21,False,7,68,2,False,50,15,5,False,77,False
2022-02-13,4,11,83,False,100,16,72,False,17,28,85,False,62,29,1,False,89,62,10,False,78,1,6,False,76,57,2,False,0,83,46,False,7,87,26,False,87,30,2,False,2,86,17,False,1,78,3,False,5,76,24,False,7,66,2,False,52,17,6,False,83,False
2022-02-20,4,10,81,False,95,14,70,False,18,29,87,False,61,29,1,False,83,62,11,False,82,1,6,False,73,57,2,False,1,86,54,False,7,91,27,False,92,30,2,False,2,81,20,False,1,76,4,False,5,68,19,False,7,65,2,False,69,14,6,False,76,False
2022-02-27,4,11,82,False,81,15,69,False,18,26,78,False,58,31,1,False,83,61,11,False,80,1,5,False,72,53,2,False,0,78,55,False,7,86,26,False,90,30,2,False,2,82,19,False,1,73,3,False,5,74,21,False,6,66,2,False,67,16,5,False,76,False
2022-03-06,3,11,88,False,93,14,69,False,22,29,88,False,65,28,1,False,84,63,11,False,85,1,6,False,75,57,3,False,0,81,57,False,7,86,30,False,91,31,2,False,2,82,17,False,1,75,3,False,5,65,19,False,7,67,2,False,66,16,6,False,85,False
2022-03-13,3,11,81,False,94,14,70,False,19,31,90,False,67,29,1,False,87,64,11,False,84,1,7,False,75,55,2,False,1,81,55,False,7,92,28,False,95,31,2,False,2,83,18,False,1,77,3,False,5,68,21,False,7,73,2,False,59,15,6,False,85,False
2022-03-20,3,10,85,False,95,13,74,False,19,27,88,False,61,28,1,False,90,62,11,False,86,1,6,False,73,57,2,False,0,80,55,False,7,91,26,False,90,30,2,False,2,81,17,False,1,76,3,False,5,68,19,False,7,71,2,False,71,15,6,False,86,False
2022-03-27,4,10,85,False,97,14,69,False,20,31,86,False,66,29,1,False,93,60,10,False,87,0,7,False,75,56,2,False,1,79,57,False,7,88,27,False,93,32,2,False,3,74,17,False,1,74,3,False,5,66,19,False,7,69,2,False,72,15,6,False,80,False
2022-04-03,3,10,82,False,97,12,71,False,20,30,83,False,60,28,1,False,87,69,10,False,86,0,6,False,73,55,2,False,1,80,54,False,7,90,25,False,92,28,2,False,2,75,17,False,1,80,4,False,5,68,20,False,8,74,2,False,69,16,6,False,83,False
2022-04-10,2,8,73,False,70,7,58,False,14,15,65,False,52,19,1,False,85,63,9,False,79,0,3,False,62,44,2,False,0,71,43,False,5,79,15,False,79,22,1,False,1,68,17,False,1,79,4,False,4,83,27,False,6,72,2,False,58,13,4,False,72,False
2022-04-17,3,10,80,False,81,11,68,False,17,23,74,False,59,25,1,False,91,64,11,False,88,0,5,False,72,56,2,False,0,76,55,False,7,90,22,False,89,29,2,False,2,76,17,False,1,80,3,False,5,76,21,False,7,73,2,False,55,17,6,False,81,False
2022-04-24,3,11,83,False,88,12,72,False,17,28,81,False,65,28,1,False,90,65,11,False,93,0,6,False,75,62,2,False,0,76,53,False,7,91,25,False,92,28,2,False,2,76,16,False,1,78,3,False,5,74,22,False,7,75,2,False,66,14,6,False,80,False
2022-05-01,3,12,77,False,91,12,66,False,16,26,80,False,65,27,1,False,97,64,12,False,93,0,6,False,75,57,2,False,0,78,54,False,7,90,23,False,94,28,2,False,2,75,16,False,1,83,3,False,5,77,20,False,7,73,2,False,63,16,6,False,75,False
2022-05-08,3,11,78,False,92,12,71,False,17,26,78,False,60,25,1,False,86,66,11,False,94,0,5,False,73,61,2,False,0,75,49,False,7,89,23,False,91,27,1,False,2,69,18,False,1,85,3,False,5,75,20,False,7,70,2,False,59,15,6,False,83,False
2022-05-15,3,11,78,False,85,13,64,False,15,24,79,False,64,24,1,False,83,58,11,False,88,0,5,False,72,53,2,False,1,68,49,False,7,88,21,False,90,25,1,False,2,68,17,False,1,79,3,False,5,67,18,False,7,64,2,False,59,15,6,False,79,False
2022-05-22,3,11,74,False,86,12,64,False,15,24,79,False,70,27,1,False,85,62,11,False,88,0,5,False,81,55,2,False,0,73,53,False,7,89,21,False,93,25,1,False,2,71,20,False,1,87,3,False,5,69,18,False,7,65,2,False,59,14,6,False,81,False
2022-05-29,3,14,71,False,86,12,68,False,15,25,78,False,63,26,1,False,92,66,11,False,88,0,5,False,76,56,2,False,1,77,50,False,7,87,21,False,92,25,1,False,2,75,20,False,1,87,3,False,5,67,18,False,6,65,2,False,58,15,6,False,77,False
2022-06-05,4,14,75,False,85,11,66,False,16,23,80,False,58,26,1,False,88,64,11,False,83,0,5,False,72,53,2,False,0,78,50,False,7,91,22,False,90,24,1,False,2,72,18,False,1,90,4,False,5,69,20,False,6,63,2,False,62,15,6,False,83,False
2022-06-12,3,14,69,False,76,11,64,False,15,20,74,False,55,24,1,False,89,67,10,False,83,0,4,False,71,53,4,False,0,75,49,False,7,81,20,False,90,25,1,False,2,68,18,False,1,88,4,False,5,70,19,False,6,60,2,False,73,15,5,False,75,False
2022-06-19,3,18,70,False,82,9,63,False,15,20,76,False,54,23,1,False,89,69,10,False,83,0,5,False,69,54,2,False,1,74,49,False,6,87,19,False,85,26,1,False,2,70,19,False,1,93,4,False,4,71,20,False,6,62,2,False,79,14,5,False,78,False
2022-06-26,3,18,68,False,80,9,64,False,15,16,72,False,55,20,1,False,89,71,10,False,82,0,4,False,70,53,2,False,0,83,50,False,6,87,19,False,85,26,1,False,2,75,17,False,1,90,4,False,4,73,20,False,6,61,2,False,75,14,5,False,77,False
2022-07-03,3,19,67,False,77,9,65,False,15,15,69,False,54,20,1,False,86,77,10,False,87,0,4,False,73,55,2,False,0,81,53,False,6,86,16,False,87,26,1,False,2,71,20,False,1,96,4,False,4,74,21,False,6,62,2,False,100,15,5,False,78,False
2022-07-10,3,20,68,False,79,9,65,False,15,13,70,False,54,20,1,False,86,73,10,False,83,0,4,False,72,52,2,False,0,85,51,False,6,82,16,False,85,28,2,False,2,74,19,False,1,93,4,False,4,74,21,False,6,62,2,False,96,16,5,False,75,False
2022-07-17,3,14,69,False,76,8,64,False,14,13,69,False,54,19,1,False,83,77,10,False,82,0,3,False,69,51,2,False,0,80,50,False,6,80,14,False,84,26,1,False,1,71,20,False,1,94,4,False,4,80,23,False,6,63,2,False,92,16,5,False,76,False
2022-07-24,2,14,66,False,76,7,66,False,14,12,72,False,53,19,1,False,83,76,10,False,77,0,3,False,70,50,2,False,0,78,44,False,6,81,14,False,89,25,2,False,1,72,19,False,1,97,4,False,4,78,22,False,6,65,1,False,81,14,5,False,75,False
2022-07-31,3,15,67,False,76,8,63,False,13,13,74,False,56,19,1,False,82,85,10,False,82,0,4,False,70,49,2,False,0,80,54,False,6,83,15,False,90,24,2,False,1,73,21,False,1,94,4,False,4,82,23,False,6,67,2,False,79,16,4,False,77,False
2022-08-07,3,25,68,False,79,9,66,False,14,16,75,False,57,21,1,False,84,76,10,False,81,0,4,False,67,52,2,False,1,82,52,False,6,86,16,False,88,24,1,False,1,74,20,False,1,97,4,False,4,85,22,False,6,64,2,False,74,16,5,False,74,False
2022-08-14,3,16,71,False,79,10,66,False,14,18,77,False,58,22,1,False,85,73,10,False,85,0,4,False,69,56,2,False,1,80,51,False,7,87,17,False,89,25,2,False,1,79,19,False,1,98,3,False,4,83,23,False,6,69,2,False,75,15,5,False,76,False
2022-08-21,3,23,81,False,83,12,70,False,14,21,74,False,60,23,1,False,85,71,11,False,87,0,5,False,74,55,2,False,0,82,55,False,7,90,19,False,92,26,2,False,1,78,20,False,1,88,3,False,4,81,22,False,6,69,2,False,77,15,5,False,82,False
2022-08-28,3,20,72,False,83,12,67,False,14,24,73,False,58,24,1,False,85,69,10,False,87,0,5,False,70,54,2,False,0,79,53,False,7,88,18,False,90,25,2,False,2,76,19,False,1,86,3,False,4,72,20,False,6,71,2,False,73,15,5,False,79,False
2022-09-04,3,15,73,False,80,14,64,False,14,22,72,False,61,25,1,False,84,69,10,False,87,0,5,False,74,53,2,False,0,74,51,False,7,87,20,False,89,24,2,False,2,72,17,False,1,80,3,False,4,73,20,False,6,70,2,False,75,16,5,False,76,False
2022-09-11,3,12,78,False,86,12,67,False,14,21,76,False,60,23,1,False,87,65,10,False,86,0,5,False,67,52,2,False,1,76,48,False,6,85,18,False,85,26,2,False,2,73,18,False,1,79,3,False,4,68,18,False,6,69,2,False,64,16,5,False,80,False
2022-09-18,3,13,79,False,87,12,65,False,15,26,74,False,58,26,1,False,87,67,11,False,87,0,5,False,71,55,2,False,1,73,52,False,7,86,20,False,93,26,2,False,2,74,17,False,1,78,3,False,5,70,18,False,7,72,2,False,65,17,5,False,82,False
2022-09-25,3,11,76,False,88,13,68,False,16,25,77,False,62,28,1,False,91,65,11,False,91,0,5,False,75,56,2,False,0,79,53,False,7,88,22,False,91,26,2,False,2,77,18,False,1,75,3,False,5,67,18,False,6,73,2,False,70,16,5,False,81,False
2022-10-02,4,12,72,False,83,12,65,False,15,22,73,False,62,26,1,False,91,70,10,False,91,0,5,False,73,56,2,False,0,76,52,False,7,85,23,False,87,27,2,False,2,72,18,False,1,72,3,False,5,68,18,False,6,70,2,False,67,17,5,False,79,False
2022-10-09,3,11,77,False,76,11,68,False,15,18,72,False,63,27,1,False,93,68,9,False,88,0,5,False,73,54,2,False,0,75,48,False,7,83,21,False,86,26,2,False,2,77,19,False,1,74,3,False,5,74,20,False,6,75,2,False,64,16,5,False,84,False
2022-10-16,3,11,76,False,84,12,72,False,16,22,78,False,65,26,1,False,87,68,11,False,90,0,5,False,81,54,1,False,1,74,52,False,7,88,24,False,91,26,1,False,2,71,17,False,1,73,3,False,5,65,18,False,6,74,2,False,65,16,5,False,81,False
2022-10-23,4,10,73,False,88,11,73,False,15,25,74,False,70,26,1,False,95,61,11,False,89,0,5,False,71,56,2,False,1,73,51,False,7,88,25,False,89,26,1,False,2,73,17,False,1,75,3,False,5,67,17,False,6,73,2,False,72,15,5,False,74,False
2022-10-30,3,11,78,False,73,10,67,False,15,19,68,False,56,24,1,False,84,58,9,False,88,0,4,False,65,50,2,False,0,73,46,False,6,76,19,False,86,24,1,False,2,74,19,False,1,71,3,False,4,70,19,False,5,66,2,False,89,14,5,False,80,False
2022-11-06,3,10,80,False,81,11,65,False,17,25,78,False,63,25,1,False,85,63,10,False,86,0,5,False,69,52,2,False,0,70,44,False,7,83,23,False,87,25,1,False,2,75,18,False,1,71,3,False,5,66,18,False,6,70,2,False,77,17,6,False,75,False
2022-11-13,4,10,92,False,82,11,69,False,15,20,74,False,64,25,1,False,89,68,10,False,90,0,5,False,89,56,2,False,0,75,46,False,7,91,21,False,92,23,1,False,2,82,20,False,0,72,3,False,5,71,19,False,6,71,2,False,73,17,5,False,79,False
2022-11-20,3,8,81,False,79,9,67,False,16,20,70,False,100,22,1,False,87,68,9,False,97,0,4,False,76,51,2,False,0,68,39,False,6,82,19,False,84,20,1,False,2,75,21,False,0,65,3,False,4,65,17,False,5,76,2,False,62,14,5,False,78,False
2022-11-27,3,9,77,False,77,10,62,False,16,17,66,False,83,23,1,False,84,68,9,False,92,0,4,False,71,49,2,False,0,69,39,False,6,81,19,False,80,20,1,False,2,66,17,False,0,66,3,False,4,64,17,False,5,73,1,False,59,14,5,False,65,False
2022-12-04,2,10,73,False,73,8,62,False,13,15,62,False,73,20,1,False,91,74,8,False,94,0,3,False,65,46,2,False,0,71,36,False,6,81,16,False,77,18,1,False,1,68,15,False,0,67,2,False,3,72,22,False,4,73,1,False,62,14,4,False,64,False
2022-12-11,2,10,79,False,76,7,56,False,13,12,63,False,66,19,1,False,94,74,9,False,99,0,3,False,72,46,2,False,0,70,35,False,6,80,15,False,81,23,1,False,2,63,17,False,0,67,2,False,3,71,21,False,4,72,1,False,66,14,4,False,72,False
2022-12-18,2,10,65,False,65,5,46,False,12,7,52,False,66,14,0,False,93,77,8,False,100,0,2,False,62,43,2,False,0,68,33,False,5,73,10,False,69,18,1,False,1,58,16,False,0,66,2,False,3,68,22,False,4,74,1,False,59,12,4,False,69,False
2022-12-25,1,17,60,False,55,4,49,False,13,5,52,False,54,13,0,False,94,69,7,False,93,0,1,False,67,43,2,False,0,74,38,False,4,69,9,False,70,19,1,False,1,66,18,False,0,84,3,False,3,78,25,False,4,84,1,False,64,12,3,False,68,False
2023-01-01,2,13,69,False,64,5,54,False,13,7,61,False,56,14,1,False,80,74,8,False,80,1,2,False,65,45,2,False,0,79,34,False,5,75,10,False,75,20,1,False,1,68,17,False,0,82,3,False,3,76,21,False,5,75,1,False,69,15,4,False,74,False
2023-01-08,2,12,76,False,75,8,59,False,15,11,71,False,55,18,1,False,84,74,9,False,80,1,3,False,70,50,2,False,0,86,41,False,5,83,17,False,80,23,1,False,1,81,18,False,0,79,3,False,4,69,18,False,6,71,2,False,78,16,4,False,79,False
2023-01-15,2,12,77,False,81,9,62,False,15,11,73,False,62,19,1,False,85,71,12,False,77,0,3,False,71,55,2,False,0,84,42,False,6,85,18,False,86,24,1,False,2,79,18,False,0,78,3,False,4,69,18,False,6,73,2,False,78,16,5,False,78,False
2023-01-22,2,11,80,False,83,9,64,False,15,12,71,False,57,21,1,False,83,84,12,False,78,1,3,False,72,52,2,False,0,79,43,False,6,88,17,False,88,24,1,False,1,83,18,False,0,80,3,False,4,70,18,False,6,72,2,False,76,16,5,False,75,False
2023-01-29,3,13,77,False,86,11,64,False,15,13,73,False,57,22,1,False,79,83,15,False,76,1,3,False,70,51,2,False,0,82,43,False,6,90,19,False,85,25,1,False,2,79,18,False,0,78,3,False,4,68,18,False,6,72,2,False,74,16,5,False,76,False
2023-02-05,3,10,76,False,94,11,64,False,14,16,74,False,60,23,1,False,80,67,10,False,76,1,4,False,68,53,2,False,0,77,44,False,6,88,21,False,87,24,1,False,2,74,17,False,0,77,3,False,4,70,19,False,6,74,2,False,69,17,5,False,78,False
2023-02-12,3,11,76,False,89,11,59,False,14,18,75,False,57,24,1,False,79,64,10,False,74,1,4,False,64,52,2,False,0,80,42,False,6,85,21,False,84,26,1,False,2,72,17,False,0,79,3,False,4,74,20,False,6,69,2,False,68,16,5,False,77,False
2023-02-19,3,10,79,False,76,12,60,False,15,17,73,False,60,24,1,False,83,65,10,False,76,1,4,False,68,52,2,False,0,80,44,False,6,85,21,False,85,24,2,False,2,80,18,False,0,74,3,False,4,70,18,False,6,70,2,False,62,15,5,False,78,False
2023-02-26,3,11,77,False,86,12,62,False,15,20,81,False,58,24,1,False,79,66,10,False,79,1,4,False,68,54,2,False,0,80,44,False,6,85,21,False,83,25,2,False,2,75,18,False,0,73,3,False,4,69,17,False,6,69,2,False,70,17,5,False,82,False
2023-03-05,3,11,78,False,88,11,66,False,14,22,81,False,57,25,1,False,80,66,11,False,78,0,5,False,65,53,2,False,0,82,48,False,7,90,22,False,87,25,1,False,2,77,16,False,1,72,3,False,4,71,16,False,6,70,2,False,76,17,5,False,79,False
2023-03-12,3,11,76,False,85,11,60,False,15,22,76,False,62,27,1,False,80,68,10,False,79,0,5,False,66,51,2,False,0,77,44,False,7,87,21,False,84,24,1,False,2,75,16,False,0,73,3,False,4,70,18,False,6,73,2,False,85,16,5,False,79,False
2023-03-19,3,9,77,False,86,11,62,False,16,23,81,False,61,24,1,False,82,68,10,False,82,1,5,False,64,54,2,False,0,75,46,False,6,93,21,False,90,25,1,False,2,75,17,False,0,72,3,False,4,67,18,False,6,74,2,False,72,17,5,False,75,False
2023-03-26,3,10,76,False,84,11,62,False,15,21,78,False,59,24,1,False,79,68,10,False,83,0,5,False,64,54,2,False,0,76,44,False,6,89,20,False,88,25,1,False,2,71,17,False,0,75,3,False,5,69,17,False,6,72,2,False,68,18,6,False,84,False
2023-04-02,2,9,69,False,66,6,58,False,13,12,64,False,48,16,1,False,86,68,10,False,79,0,3,False,57,46,2,False,0,74,42,False,5,77,15,False,80,21,1,False,1,67,17,False,0,73,3,False,3,80,22,False,5,72,1,False,65,16,4,False,77,False
2023-04-09,3,9,74,False,82,10,64,False,15,18,77,False,59,23,1,False,85,70,10,False,82,0,4,False,65,55,2,False,0,83,47,False,7,87,19,False,86,24,1,False,2,73,17,False,0,75,3,False,5,63,17,False,8,75,2,False,81,18,5,False,78,False
2023-04-16,3,11,76,False,80,12,64,False,14,22,81,False,64,26,1,False,88,65,10,False,92,0,5,False,74,56,2,False,0,77,52,False,7,90,22,False,93,25,1,False,2,76,17,False,0,77,3,False,5,70,17,False,8,73,2,False,77,18,6,False,75,False
2023-04-23,3,11,78,False,81,11,63,False,16,21,85,False,61,25,1,False,86,66,10,False,86,0,5,False,73,57,2,False,0,77,46,False,7,89,21,False,84,24,1,False,2,74,17,False,0,77,3,False,5,71,19,False,8,71,2,False,80,16,6,False,80,False
2023-04-30,3,11,76,False,75,10,58,False,14,17,76,False,59,24,1,False,88,64,9,False,86,0,4,False,71,51,2,False,0,72,47,False,6,85,19,False,84,23,1,False,2,70,17,False,0,76,3,False,4,77,21,False,6,72,2,False,69,17,5,False,70,False
2023-05-07,3,12,74,False,84,10,63,False,14,21,80,False,61,23,1,False,85,64,10,False,85,0,4,False,69,54,2,False,0,75,46,False,7,84,20,False,88,24,1,False,2,69,17,False,0,75,3,False,4,73,18,False,7,69,2,False,76,16,6,False,80,False
2023-05-14,3,13,73,False,83,11,61,False,15,19,75,False,63,24,1,False,86,63,10,False,80,0,5,False,71,55,3,False,0,75,46,False,6,83,20,False,88,25,1,False,2,73,15,False,0,74,3,False,5,69,18,False,7,69,2,False,72,16,5,False,78,False
2023-05-21,3,12,75,False,84,11,66,False,15,20,79,False,67,25,1,False,92,73,10,False,85,0,5,False,74,53,3,False,0,76,52,False,7,88,20,False,91,24,1,False,2,78,18,False,0,78,3,False,5,68,17,False,7,68,2,False,66,17,6,False,79,False
2023-05-28,3,14,71,False,83,11,64,False,15,23,83,False,63,25,1,False,92,78,10,False,88,1,5,False,78,55,2,False,0,77,52,False,7,94,22,False,93,26,1,False,2,81,21,False,0,78,3,False,5,67,18,False,7,67,2,False,68,17,6,False,79,False
2023-06-04,3,16,75,False,82,10,65,False,15,20,78,False,77,27,1,False,90,76,10,False,86,0,5,False,74,55,2,False,1,78,51,False,7,92,20,False,92,25,1,False,2,81,19,False,0,81,3,False,5,76,20,False,7,65,2,False,72,17,5,False,78,False
2023-06-11,3,16,74,False,80,10,61,False,14,17,78,False,61,24,1,False,92,77,10,False,84,0,4,False,64,52,2,False,1,82,51,False,7,96,19,False,89,25,1,False,2,69,17,False,0,85,3,False,4,74,20,False,6,63,2,False,78,16,5,False,87,False
2023-06-18,3,16,73,False,75,9,63,False,14,16,73,False,59,21,1,False,88,76,10,False,80,0,4,False,68,51,2,False,0,78,48,False,6,89,17,False,90,23,1,False,2,70,18,False,0,92,3,False,4,72,19,False,6,62,2,False,75,16,5,False,98,False
2023-06-25,3,17,71,False,78,8,65,False,14,13,72,False,60,21,1,False,87,77,10,False,84,0,4,False,68,58,2,False,0,77,50,False,6,88,17,False,88,24,1,False,1,72,19,False,0,87,3,False,4,72,19,False,6,64,2,False,70,15,5,False,86,False
2023-07-02,3,18,70,False,79,8,64,False,14,13,71,False,58,20,1,False,86,84,10,False,90,0,3,False,69,57,2,False,0,80,49,False,6,90,15,False,92,25,1,False,1,78,17,False,0,92,3,False,4,76,21,False,6,65,2,False,72,17,5,False,89,False
2023-07-09,3,17,74,False,79,7,65,False,14,12,71,False,55,20,1,False,86,81,10,False,82,0,3,False,71,55,2,False,0,82,42,False,6,88,13,False,87,24,1,False,2,77,21,False,0,91,3,False,4,76,20,False,5,65,2,False,75,18,5,False,84,False
2023-07-16,3,15,69,False,74,7,58,False,14,11,67,False,57,19,1,False,87,80,10,False,79,0,3,False,66,53,2,False,0,83,42,False,6,84,12,False,82,24,1,False,1,72,19,False,0,91,3,False,4,79,21,False,5,67,2,False,75,17,5,False,82,False
2023-07-23,3,13,70,False,74,7,61,False,14,10,70,False,54,19,1,False,84,82,10,False,76,0,3,False,65,51,2,False,0,81,45,False,6,85,13,False,83,25,1,False,1,76,21,False,0,90,3,False,4,85,21,False,5,65,2,False,79,16,5,False,84,False
2023-07-30,3,16,69,False,73,7,60,False,13,12,70,False,56,20,1,False,81,84,9,False,77,0,3,False,64,49,2,False,0,80,45,False,6,85,13,False,83,24,1,False,1,76,19,False,0,93,3,False,4,86,21,False,6,71,2,False,87,17,4,False,82,False
2023-08-06,3,12,74,False,76,8,61,False,14,14,71,False,57,20,1,False,79,82,9,False,74,0,3,False,66,49,2,False,0,81,45,False,6,92,15,False,81,21,1,False,2,76,19,False,0,91,3,False,4,89,22,False,5,73,2,False,86,16,5,False,85,False
2023-08-13,3,11,74,False,73,9,63,False,14,16,73,False,59,20,1,False,79,79,9,False,75,0,4,False,65,50,2,False,0,78,45,False,7,89,15,False,84,23,2,False,2,75,19,False,0,91,3,False,4,90,22,False,6,70,2,False,97,16,4,False,77,False
2023-08-20,3,11,71,False,77,10,57,False,15,15,70,False,59,21,1,False,80,74,9,False,77,0,4,False,66,55,2,False,0,80,47,False,7,87,17,False,81,21,1,False,1,73,19,False,0,87,3,False,4,81,19,False,5,69,2,False,71,15,4,False,77,False
2023-08-27,3,12,76,False,79,10,60,False,15,18,76,False,62,22,1,False,85,77,10,False,84,0,4,False,66,52,2,False,0,79,45,False,7,89,17,False,84,24,1,False,2,78,18,False,0,82,3,False,4,77,19,False,6,70,2,False,71,20,5,False,82,False
2023-09-03,3,11,76,False,76,12,61,False,14,18,71,False,59,25,1,False,82,72,9,False,81,0,4,False,64,52,2,False,0,78,47,False,7,87,18,False,98,25,2,False,2,74,20,False,0,79,3,False,5,75,19,False,6,67,2,False,73,19,5,False,80,False
2023-09-10,2,11,79,False,78,11,60,False,14,18,67,False,53,23,1,False,78,69,9,False,77,0,4,False,62,49,2,False,0,74,43,False,7,87,17,False,85,24,1,False,1,72,17,False,0,79,2,False,4,69,16,False,6,69,2,False,69,18,5,False,80,False
2023-09-17,3,10,84,False,83,11,62,False,15,19,74,False,60,24,1,False,82,69,10,False,80,1,4,False,66,52,2,False,0,78,46,False,7,88,19,False,87,24,2,False,1,74,18,False,0,76,2,False,4,70,17,False,6,71,2,False,66,21,5,False,82,False
2023-09-24,3,10,80,False,84,12,62,False,15,20,76,False,60,26,1,False,83,71,10,False,79,0,4,False,69,55,2,False,0,78,47,False,7,92,20,False,88,25,2,False,2,75,17,False,0,81,3,False,5,78,18,False,7,70,2,False,74,18,5,False,82,False
2023-10-01,3,9,77,False,81,11,62,False,14,18,74,False,58,27,1,False,86,78,10,False,80,0,4,False,70,53,2,False,0,76,46,False,7,88,20,False,88,24,1,False,2,78,19,False,0,75,2,False,5,90,18,False,6,76,2,False,91,18,5,False,83,False
2023-10-08,3,9,76,False,72,9,62,False,15,16,70,False,57,24,1,False,80,69,9,False,81,0,4,False,82,49,2,False,0,75,46,False,7,85,18,False,93,23,1,False,2,73,17,False,0,74,2,False,4,90,19,False,5,75,2,False,93,16,5,False,84,False
2023-10-15,3,9,80,False,77,10,66,False,15,16,75,False,58,25,1,False,81,68,9,False,80,0,4,False,70,49,2,False,0,76,49,False,8,89,19,False,88,25,1,False,2,72,18,False,0,73,2,False,4,89,17,False,6,73,2,False,83,16,5,False,80,False
2023-10-22,3,8,76,False,83,9,69,False,14,19,72,False,61,23,1,False,92,63,10,False,82,0,5,False,70,50,3,False,0,78,44,False,7,92,19,False,90,24,1,False,2,72,17,False,0,71,2,False,5,82,16,False,6,72,2,False,76,16,6,False,76,False
2023-10-29,3,8,75,False,69,8,62,False,13,14,69,False,57,20,1,False,84,63,9,False,76,0,3,False,63,46,2,False,0,74,40,False,7,81,16,False,83,22,1,False,2,72,16,False,0,65,2,False,4,78,17,False,5,71,1,False,71,16,5,False,75,False
2023-11-05,3,10,80,False,79,10,66,False,15,18,73,False,57,24,1,False,89,68,10,False,88,0,4,False,69,52,2,False,0,78,48,False,7,94,19,False,90,25,1,False,2,75,19,False,0,69,2,False,4,68,17,False,5,80,2,False,75,20,5,False,75,False
2023-11-12,3,10,75,False,85,10,67,False,15,17,73,False,56,22,1,False,91,67,9,False,89,0,4,False,80,54,2,False,0,82,44,False,7,91,18,False,90,24,1,False,2,83,23,False,0,70,2,False,4,71,17,False,6,74,2,False,74,19,5,False,77,False
2023-11-19,3,10,77,False,80,9,65,False,15,15,72,False,54,22,1,False,95,79,9,False,93,0,4,False,79,53,2,False,0,79,42,False,7,89,17,False,89,25,1,False,2,83,23,False,1,70,2,False,4,72,17,False,6,87,2,False,78,17,5,False,78,False
2023-11-26,3,10,76,False,83,9,64,False,15,16,69,False,55,23,1,False,93,76,9,False,97,0,4,False,69,52,2,False,0,80,42,False,7,87,17,False,91,25,1,False,2,81,20,False,0,67,2,False,4,74,17,False,5,77,2,False,70,16,6,False,75,False
2023-12-03,2,10,77,False,71,8,62,False,14,13,63,False,53,20,1,False,94,79,8,False,97,0,3,False,67,49,2,False,0,79,44,False,6,88,14,False,89,21,1,False,2,81,18,False,1,69,2,False,4,80,20,False,5,76,1,False,66,14,4,False,76,False
2023-12-10,2,11,76,False,74,6,58,False,14,13,62,False,55,20,1,False,100,84,9,False,99,0,3,False,65,49,2,False,0,83,38,False,6,82,13,False,81,26,1,False,2,71,18,False,1,69,2,False,4,72,16,False,5,77,1,False,80,15,4,False,75,False
2023-12-17,2,11,69,False,67,4,48,False,13,7,52,False,49,16,0,False,95,79,8,False,100,0,2,False,62,45,2,False,0,75,37,False,6,75,9,False,77,22,1,False,1,61,18,False,0,68,2,False,3,71,16,False,4,75,1,False,66,13,4,False,78,False
2023-12-24,1,18,62,False,48,3,44,False,12,4,48,False,43,12,0,False,92,73,6,False,93,0,1,False,61,41,2,False,0,83,37,False,5,67,9,False,73,20,1,False,1,67,18,False,0,80,2,False,3,77,21,False,4,81,1,False,63,13,3,False,75,False
2023-12-31,1,13,76,False,55,4,46,False,12,6,55,False,45,13,0,False,78,73,8,False,74,0,1,False,60,43,2,False,0,84,40,False,5,76,9,False,72,21,1,False,1,70,21,False,0,81,2,False,3,72,19,False,5,75,1,False,67,15,4,False,73,False
2024-01-07,2,11,82,False,77,7,54,False,15,10,66,False,54,18,1,False,86,76,9,False,73,0,2,False,66,49,2,False,0,89,42,False,6,92,11,False,82,25,1,False,1,83,21,False,0,76,2,False,4,67,16,False,6,75,2,False,65,16,4,False,83,False
2024-01-14,2,12,82,False,77,8,57,False,15,11,72,False,55,20,1,False,82,82,9,False,71,0,3,False,70,52,2,False,0,87,41,False,6,86,15,False,89,26,1,False,2,86,20,False,0,79,2,False,4,69,16,False,6,70,2,False,66,18,4,False,79,False
2024-01-21,2,10,80,False,80,9,58,False,14,12,69,False,54,20,1,False,83,75,9,False,69,0,3,False,66,53,2,False,0,88,43,False,7,92,16,False,87,27,2,False,1,85,20,False,0,89,3,False,4,69,16,False,6,69,2,False,60,16,5,False,81,False
2024-01-28,2,10,89,False,84,11,54,False,15,13,66,False,56,20,1,False,74,72,9,False,65,0,3,False,64,52,2,False,0,87,43,False,7,84,15,False,86,27,1,False,1,80,18,False,0,84,2,False,4,69,15,False,6,76,2,False,46,16,5,False,84,False
2024-02-04,2,10,83,False,87,10,54,False,14,13,68,False,56,22,1,False,74,63,9,False,65,0,3,False,63,51,2,False,0,86,37,False,7,80,16,False,86,27,2,False,2,76,19,False,0,84,2,False,4,71,15,False,6,69,2,False,45,17,5,False,88,False
2024-02-11,2,10,79,False,74,10,53,False,14,14,65,False,57,23,1,False,75,63,9,False,64,0,4,False,58,50,2,False,0,81,41,False,7,80,15,False,80,26,1,False,1,81,18,False,0,84,2,False,4,74,18,False,6,70,1,False,41,15,4,False,82,False
2024-02-18,3,9,81,False,87,11,58,False,14,17,73,False,56,25,1,False,74,67,10,False,65,0,4,False,65,55,2,False,0,86,43,False,7,79,19,False,88,28,2,False,2,77,18,False,0,82,2,False,4,66,14,False,7,71,2,False,42,16,5,False,85,False
2024-02-25,2,9,87,False,83,10,57,False,14,17,71,False,56,25,1,False,77,67,10,False,69,0,4,False,67,54,2,False,1,84,43,False,7,84,18,False,85,29,2,False,2,77,19,False,0,81,2,False,4,69,15,False,7,73,2,False,46,16,5,False,90,False
2024-03-03,3,9,83,False,80,10,58,False,14,18,72,False,55,23,1,False,76,70,10,False,69,0,4,False,66,54,2,False,0,87,42,False,7,73,18,False,85,30,2,False,2,76,17,False,1,81,2,False,5,80,16,False,7,74,2,False,47,16,5,False,91,False
2024-03-10,3,10,82,False,83,10,59,False,16,18,71,False,56,24,1,False,73,66,9,False,68,0,4,False,69,68,2,False,0,78,42,False,7,82,18,False,82,29,2,False,2,77,17,False,0,78,2,False,5,84,15,False,6,69,2,False,47,16,5,False,85,False
2024-03-17,3,10,77,False,83,10,57,False,14,17,69,False,55,22,1,False,76,69,9,False,69,0,4,False,79,57,2,False,0,82,40,False,7,84,17,False,84,29,2,False,2,75,18,False,1,83,2,False,4,84,15,False,6,75,2,False,46,15,5,False,84,False
2024-03-24,2,7,72,False,65,5,50,False,13,12,61,False,47,16,1,False,74,68,8,False,64,0,3,False,70,45,2,False,0,74,41,False,6,72,11,False,72,25,1,False,1,78,19,False,0,80,3,False,3,100,19,False,5,76,1,False,42,13,4,False,76,False
2024-03-31,2,10,77,False,79,8,55,False,14,17,68,False,55,21,1,False,81,65,9,False,67,0,3,False,72,55,2,False,0,84,44,False,7,76,15,False,88,31,2,False,2,81,18,False,0,80,2,False,4,86,15,False,7,79,2,False,45,18,5,False,79,False
2024-04-07,3,12,81,False,83,10,62,False,15,20,72,False,61,24,1,False,80,72,9,False,71,0,5,False,73,57,2,False,0,81,44,False,7,82,19,False,96,29,2,False,2,76,18,False,0,81,2,False,5,75,15,False,7,77,2,False,47,17,6,False,82,False
2024-04-14,3,10,77,False,81,10,58,False,14,18,70,False,63,24,1,False,81,65,10,False,73,0,5,False,73,55,2,False,1,79,45,False,7,85,18,False,85,29,2,False,2,72,18,False,0,82,2,False,4,68,14,False,7,78,2,False,59,18,5,False,81,False
2024-04-21,3,12,83,False,83,9,59,False,15,16,71,False,60,24,1,False,82,66,9,False,71,0,4,False,69,57,3,False,0,78,49,False,7,86,18,False,84,29,2,False,2,73,17,False,0,83,2,False,5,71,15,False,7,76,2,False,51,16,5,False,82,False
2024-04-28,2,12,75,False,70,8,58,False,14,15,66,False,56,22,1,False,85,69,9,False,71,0,4,False,70,53,3,False,0,76,44,False,7,81,17,False,79,24,1,False,2,76,18,False,0,82,2,False,4,83,17,False,6,75,2,False,48,16,5,False,81,False
2024-05-05,3,12,76,False,80,9,56,False,15,16,68,False,61,21,1,False,83,67,9,False,76,0,4,False,64,52,2,False,0,79,45,False,7,80,16,False,81,26,1,False,2,69,17,False,0,82,2,False,4,71,15,False,6,64,2,False,46,17,5,False,84,False
2024-05-12,2,13,79,False,81,9,55,False,14,17,68,False,58,22,1,False,84,66,9,False,70,0,4,False,68,54,2,False,0,82,42,False,7,81,16,False,82,28,1,False,2,73,19,False,0,83,3,False,4,69,15,False,6,67,2,False,46,17,5,False,88,False
2024-05-19,3,11,73,False,81,10,55,False,16,16,69,False,57,22,1,False,82,69,9,False,72,0,4,False,67,58,2,False,0,82,44,False,7,82,17,False,82,30,1,False,2,76,20,False,0,86,3,False,4,69,15,False,7,64,2,False,48,16,5,False,85,False
2024-05-26,3,11,74,False,78,10,55,False,14,16,63,False,64,24,1,False,81,67,9,False,71,0,4,False,70,55,2,False,0,79,45,False,8,79,16,False,85,28,1,False,2,72,18,False,0,86,3,False,4,85,15,False,6,67,2,False,46,16,5,False,85,False
2024-06-02,3,13,74,False,81,9,55,False,15,18,67,False,59,23,1,False,85,75,8,False,71,0,4,False,63,56,2,False,0,80,42,False,7,84,16,False,83,28,1,False,2,74,19,False,0,88,3,False,4,94,15,False,6,69,2,False,71,16,5,False,84,False
2024-06-09,3,15,75,False,85,9,58,False,16,17,68,False,57,24,1,False,85,74,9,False,73,0,4,False,65,55,2,False,0,81,46,False,7,82,15,False,84,30,2,False,2,73,18,False,0,87,3,False,4,100,16,False,6,69,2,False,74,16,5,False,88,False
2024-06-16,3,16,72,False,78,8,56,False,14,16,64,False,64,21,1,False,81,75,10,False,68,0,3,False,65,54,2,False,0,79,43,False,7,83,13,False,80,29,1,False,2,74,17,False,0,90,3,False,4,94,15,False,6,64,2,False,60,15,5,False,84,False
2024-06-23,3,20,68,False,79,8,53,False,13,13,58,False,62,19,1,False,79,74,9,False,66,0,3,False,63,52,2,False,0,82,43,False,7,79,13,False,81,29,2,False,1,72,18,False,0,90,3,False,4,93,15,False,6,62,2,False,60,14,5,False,91,False
2024-06-30,2,16,75,False,74,7,53,False,14,11,57,False,67,18,1,False,78,76,8,False,69,0,3,False,59,53,2,False,0,84,43,False,7,78,11,False,80,28,1,False,1,72,19,False,0,95,3,False,4,74,15,False,6,62,1,False,61,15,5,False,83,False
2024-07-07,2,15,73,False,77,7,54,False,13,12,59,False,66,19,1,False,80,80,9,False,68,0,3,False,65,52,2,False,0,90,46,False,7,82,11,False,82,29,2,False,1,76,19,False,0,97,3,False,4,74,16,False,6,65,1,False,55,16,5,False,81,False
2024-07-14,2,14,77,False,78,7,56,False,14,12,60,False,67,19,1,False,79,80,9,False,69,0,3,False,62,55,2,False,0,88,45,False,7,80,11,False,84,29,2,False,1,76,21,False,0,94,3,False,4,76,17,False,6,62,1,False,58,16,5,False,86,False
2024-07-21,3,13,75,False,78,7,55,False,14,10,62,False,58,18,1,False,81,82,9,False,65,0,3,False,64,52,2,False,0,85,44,False,7,79,11,False,83,29,2,False,1,79,20,False,0,99,3,False,4,81,17,False,6,66,1,False,56,14,5,False,85,False
2024-07-28,2,12,71,False,74,6,52,False,13,11,61,False,59,17,1,False,90,75,9,False,64,0,3,False,58,49,2,False,0,85,42,False,6,74,11,False,76,28,2,False,1,75,19,False,0,93,3,False,3,78,16,False,5,64,1,False,61,15,5,False,78,False
2024-08-04,2,11,75,False,76,8,56,False,13,14,61,False,63,18,1,False,79,79,9,False,66,0,3,False,62,51,2,False,0,84,47,False,6,76,12,False,80,27,2,False,1,75,20,False,0,88,3,False,4,77,17,False,5,68,1,False,74,16,5,False,82,False
2024-08-11,3,11,75,False,76,8,60,False,13,16,65,False,57,20,1,False,86,79,9,False,70,0,3,False,62,52,2,False,0,88,46,False,7,83,13,False,81,29,2,False,1,78,19,False,0,96,3,False,4,87,18,False,6,73,1,False,63,17,5,False,83,False
2024-08-18,3,11,76,False,75,9,58,False,13,15,67,False,56,21,1,False,92,75,9,False,69,0,3,False,63,54,2,False,0,86,45,False,7,80,14,False,83,28,2,False,2,78,21,False,0,91,3,False,4,81,17,False,6,71,1,False,55,15,5,False,79,False
2024-08-25,3,11,79,False,76,10,56,False,14,17,68,False,56,21,1,False,81,76,9,False,71,0,4,False,62,54,2,False,1,82,43,False,7,84,14,False,88,29,2,False,2,80,20,False,0,86,3,False,4,81,16,False,6,72,1,False,54,15,4,False,84,False
2024-09-01,3,11,81,False,81,11,60,False,13,17,69,False,53,23,1,False,81,76,9,False,71,0,4,False,60,54,2,False,1,85,45,False,7,85,16,False,86,30,2,False,2,80,19,False,0,82,2,False,4,74,15,False,6,75,2,False,59,16,5,False,91,False
2024-09-08,3,10,84,False,85,10,59,False,13,18,66,False,54,23,1,False,81,77,9,False,70,0,4,False,62,55,2,False,0,80,45,False,7,81,16,False,85,28,2,False,2,77,19,False,0,93,2,False,4,72,15,False,6,77,1,False,59,16,5,False,100,False
2024-09-15,3,9,85,False,79,9,59,False,13,16,64,False,53,22,1,False,82,67,9,False,73,0,4,False,62,55,2,False,0,79,53,False,7,78,15,False,76,28,2,False,2,76,19,False,0,81,2,False,4,69,15,False,6,77,1,False,53,16,5,False,86,False
2024-09-22,3,9,77,False,82,10,59,False,14,18,65,False,57,24,1,False,81,70,9,False,70,0,4,False,62,56,2,False,0,82,45,False,7,81,16,False,84,31,2,False,2,78,19,False,0,80,2,False,4,68,14,False,6,78,1,False,50,15,5,False,83,False
2024-09-29,3,10,83,False,79,9,61,False,15,16,69,False,54,22,1,False,89,77,10,False,75,0,4,False,70,53,2,False,0,80,41,False,7,80,14,False,86,31,2,False,2,82,21,False,0,79,2,False,4,65,14,False,6,79,1,False,50,16,5,False,77,False
2024-10-06,3,9,80,False,76,10,59,False,14,16,71,False,55,24,1,False,85,71,9,False,68,0,3,False,69,57,2,False,0,83,44,False,7,78,17,False,87,30,2,False,2,81,20,False,0,78,2,False,4,69,15,False,6,78,2,False,48,17,5,False,76,False
2024-10-13,3,9,82,False,78,8,62,False,14,16,67,False,54,24,1,False,87,71,9,False,74,0,4,False,66,54,2,False,0,82,45,False,8,83,16,False,87,30,2,False,2,76,19,False,0,79,2,False,4,65,15,False,7,78,1,False,52,17,5,False,85,False
2024-10-20,3,9,82,False,81,9,60,False,14,18,68,False,58,23,1,False,82,67,9,False,70,0,4,False,62,55,2,False,0,78,46,False,8,91,16,False,86,31,2,False,2,74,17,False,0,75,2,False,4,61,14,False,7,77,1,False,49,15,5,False,90,False
2024-10-27,3,9,77,False,73,8,62,False,14,17,64,False,62,22,1,False,86,66,9,False,67,0,3,False,60,51,2,False,0,81,43,False,8,82,13,False,85,28,2,False,2,74,17,False,0,72,2,False,4,65,15,False,5,78,1,False,53,14,5,False,72,False
2024-11-03,3,8,75,False,75,8,59,False,14,17,65,False,57,23,1,False,79,68,8,False,70,0,4,False,59,50,2,False,0,81,44,False,7,84,14,False,86,30,1,False,2,77,21,False,1,70,2,False,4,61,13,False,5,73,1,False,96,17,5,False,77,False
2024-11-10,3,10,77,False,77,8,58,False,14,17,61,False,55,25,1,False,83,72,9,False,75,0,3,False,69,54,2,False,0,81,44,False,7,84,15,False,90,30,2,False,2,83,22,False,0,72,2,False,4,64,15,False,6,82,2,False,60,16,5,False,77,False
2024-11-17,2,10,74,False,75,8,59,False,14,15,62,False,54,21,1,False,85,77,9,False,76,0,3,False,69,55,2,False,0,79,43,False,8,81,14,False,90,31,2,False,2,85,22,False,0,71,2,False,4,65,15,False,6,84,1,False,54,15,5,False,76,False
2024-11-24,3,10,74,False,78,8,58,False,15,18,65,False,56,22,1,False,95,81,9,False,86,0,3,False,63,56,3,False,0,84,42,False,7,83,13,False,88,31,2,False,2,84,23,False,0,75,2,False,4,66,15,False,6,100,1,False,63,14,6,False,80,False
2024-12-01,2,10,72,False,74,7,54,False,14,13,55,False,52,20,1,False,91,88,8,False,81,0,3,False,60,50,2,False,0,76,43,False,7,80,13,False,85,30,2,False,2,78,20,False,0,71,2,False,4,67,16,False,5,88,1,False,56,15,5,False,80,False
2024-12-08,2,11,76,False,72,6,57,False,14,11,55,False,54,18,1,False,97,86,8,False,83,0,2,False,60,51,2,False,0,79,39,False,6,77,11,False,86,30,1,False,1,71,18,False,0,66,2,False,3,68,15,False,5,82,1,False,54,14,5,False,79,False
2024-12-15,2,13,100,False,69,5,44,False,13,8,52,False,50,17,0,False,99,85,8,False,86,0,2,False,59,51,2,False,0,80,39,False,6,74,10,False,77,29,2,False,1,68,17,False,0,69,2,False,3,68,15,False,5,80,1,False,74,13,4,False,77,False
2024-12-22,1,12,88,False,41,3,36,False,11,5,43,False,44,12,0,False,91,80,6,False,83,0,1,False,58,43,2,False,0,79,37,False,5,63,7,False,68,23,1,False,1,69,19,False,0,77,2,False,2,70,18,False,4,88,1,False,84,11,3,False,65,False
2024-12-29,1,10,61,False,43,3,36,False,12,5,44,False,42,12,0,False,81,76,6,False,69,0,1,False,55,42,2,False,0,80,40,False,5,62,7,False,67,25,1,False,1,73,19,False,0,84,2,False,3,75,20,False,4,84,1,False,65,13,3,False,66,False
2025-01-05,2,11,73,False,71,6,49,False,13,9,59,False,48,17,1,False,78,81,8,False,64,0,2,False,57,49,2,False,0,88,41,False,6,78,10,False,79,31,2,False,1,82,20,False,0,78,2,False,4,59,15,False,6,75,1,False,59,15,4,False,76,False
2025-01-12,2,10,73,False,79,7,51,False,14,11,61,False,56,19,1,False,77,78,9,False,61,0,2,False,59,54,2,False,0,91,45,False,7,83,12,False,85,32,2,False,2,89,20,False,0,82,2,False,4,62,15,False,7,75,1,False,54,16,5,False,76,False
2025-01-19,2,17,74,False,80,7,50,False,14,12,59,False,56,19,1,False,79,74,9,False,61,0,2,False,61,54,2,False,0,85,44,False,7,85,12,False,84,33,2,False,2,87,21,False,0,77,2,False,4,61,15,False,6,73,2,False,56,16,5,False,81,False
2025-01-26,2,15,80,False,83,9,58,False,14,14,64,False,61,20,1,False,76,74,9,False,61,0,3,False,60,53,2,False,0,89,45,False,7,82,13,False,84,35,2,False,1,86,20,False,0,76,2,False,4,66,15,False,7,76,1,False,55,16,5,False,84,False
2025-02-02,2,13,77,False,85,10,54,False,14,15,65,False,59,20,1,False,76,70,9,False,60,0,3,False,60,55,2,False,0,92,45,False,7,82,14,False,85,35,2,False,2,81,18,False,0,72,2,False,4,64,15,False,7,76,2,False,62,17,5,False,81,False
2025-02-09,2,11,75,False,81,10,53,False,14,16,65,False,57,23,1,False,76,66,9,False,59,0,4,False,60,59,2,False,0,84,45,False,7,84,16,False,86,33,2,False,1,80,19,False,0,71,2,False,4,67,18,False,7,76,2,False,46,14,5,False,83,False
2025-02-16,2,10,76,False,83,9,52,False,15,16,65,False,61,25,1,False,79,68,9,False,62,0,4,False,60,57,2,False,0,87,44,False,7,86,17,False,87,35,2,False,2,88,18,False,0,73,2,False,4,61,14,False,7,77,2,False,48,16,5,False,83,False
2025-02-23,2,9,77,False,77,9,55,False,14,15,64,False,57,25,1,False,80,66,9,False,60,0,3,False,62,58,2,False,0,85,47,False,7,82,15,False,84,35,2,False,2,78,19,False,0,72,2,False,4,59,14,False,7,76,1,False,50,15,5,False,77,False
2025-03-02,2,9,77,False,66,8,50,False,14,14,57,False,55,23,1,False,78,65,8,False,64,0,3,False,58,56,2,False,0,85,44,False,7,73,14,False,85,36,2,False,2,84,18,False,0,72,2,False,4,66,15,False,6,76,2,False,51,16,4,False,82,False
2025-03-09,2,9,76,False,78,8,56,False,14,17,66,False,56,24,1,False,80,71,9,False,63,0,4,False,57,58,2,False,0,83,46,False,7,80,17,False,87,36,2,False,2,80,19,False,0,70,2,False,4,57,14,False,6,79,2,False,48,16,5,False,80,False
2025-03-16,3,9,81,False,84,8,57,False,14,18,66,False,57,23,1,False,81,74,9,False,65,0,3,False,62,58,2,False,0,87,49,False,8,88,16,False,86,36,2,False,2,83,18,False,0,76,2,False,4,64,15,False,6,84,2,False,50,16,5,False,82,False
2025-03-23,2,9,81,False,80,9,57,False,14,18,69,False,59,23,1,False,78,72,9,False,63,0,3,False,60,56,2,False,0,82,49,False,7,83,17,False,89,36,2,False,2,81,20,False,0,71,2,False,4,63,14,False,6,82,2,False,51,15,5,False,82,False
2025-03-30,2,10,80,False,83,10,58,False,15,19,66,False,64,25,1,False,85,72,9,False,68,0,4,False,61,60,2,False,0,90,49,False,8,86,17,False,93,38,2,False,2,81,19,False,0,73,2,False,4,65,15,False,8,81,2,False,57,18,6,False,79,False
2025-04-06,3,15,77,False,83,8,59,False,15,16,65,False,61,24,1,False,83,74,9,False,66,0,3,False,57,59,2,False,0,85,48,False,8,85,16,False,92,34,2,False,2,80,19,False,0,73,2,False,4,62,14,False,7,77,2,False,64,17,5,False,81,False
2025-04-13,2,8,66,False,60,6,49,False,12,11,54,False,51,16,1,False,78,70,7,False,62,0,2,False,53,49,2,False,0,74,43,False,7,72,11,False,75,30,1,False,1,74,18,False,0,74,2,False,3,67,17,False,6,77,1,False,57,15,4,False,77,False
2025-04-20,3,9,76,False,71,8,53,False,15,15,62,False,59,21,1,False,83,70,9,False,69,0,3,False,64,58,2,False,0,89,49,False,7,83,13,False,86,33,2,False,2,76,19,False,0,79,2,False,4,66,15,False,7,77,2,False,59,16,5,False,81,False
2025-04-27,2,10,75,False,64,7,51,False,14,16,59,False,61,22,1,False,84,70,8,False,71,0,3,False,62,54,2,False,0,79,49,False,7,77,13,False,85,31,2,False,2,75,20,False,0,77,2,False,4,71,15,False,6,77,1,False,49,15,5,False,80,False
2025-05-04,3,11,71,False,78,8,56,False,14,15,63,False,63,24,1,False,86,71,9,False,70,0,3,False,63,59,2,False,0,84,48,False,8,85,14,False,88,35,2,False,2,79,20,False,0,73,2,False,4,66,15,False,7,77,2,False,47,15,5,False,82,False
2025-05-11,2,11,78,False,80,9,58,False,15,17,66,False,63,25,1,False,87,70,9,False,73,0,3,False,63,62,2,False,0,89,49,False,8,84,15,False,97,36,2,False,2,78,21,False,0,74,2,False,4,63,14,False,7,73,2,False,49,18,6,False,83,False
2025-05-18,2,12,75,False,79,9,56,False,15,16,65,False,63,23,1,False,82,70,9,False,67,0,3,False,62,59,2,False,0,86,49,False,8,82,15,False,89,36,2,False,2,79,20,False,0,77,2,False,4,59,13,False,7,71,2,False,47,15,6,False,84,False
2025-05-25,3,14,68,False,78,8,56,False,14,16,65,False,68,23,1,False,82,77,9,False,68,0,3,False,67,58,2,False,0,86,50,False,8,84,15,False,91,33,2,False,2,78,21,False,0,79,2,False,4,61,14,False,7,71,2,False,48,15,6,False,86,False
2025-06-01,3,17,75,False,81,8,60,False,15,17,67,False,67,26,1,False,98,84,9,False,74,0,3,False,65,63,2,False,0,93,56,False,8,94,15,False,91,37,2,False,2,84,24,False,1,85,2,False,4,67,14,False,7,73,2,False,47,17,6,False,90,False
2025-06-08,3,16,73,False,77,8,55,False,14,17,62,False,63,26,1,False,92,73,9,False,68,0,3,False,66,59,2,False,0,84,57,False,9,85,15,False,91,37,2,False,2,76,19,False,0,86,2,False,4,66,16,False,8,71,2,False,45,15,5,False,85,False
2025-06-15,3,16,73,False,71,8,52,False,14,15,61,False,77,24,1,False,83,76,9,False,67,0,3,False,69,56,2,False,0,91,51,False,8,82,13,False,84,36,2,False,2,75,19,False,0,86,2,False,4,67,16,False,7,68,2,False,48,16,5,False,85,False
2025-06-22,3,18,73,False,73,8,55,False,13,14,60,False,69,22,1,False,84,74,9,False,66,0,3,False,62,57,2,False,0,91,52,False,8,82,13,False,88,36,2,False,2,77,20,False,0,88,2,False,4,63,15,False,7,67,2,False,48,15,5,False,81,False
2025-06-29,2,23,69,False,73,7,55,False,13,13,60,False,68,21,1,False,81,76,9,False,68,0,2,False,58,56,2,False,0,88,49,False,8,81,11,False,88,37,2,False,2,80,22,False,0,83,2,False,4,66,15,False,7,65,2,False,53,15,5,False,82,False
2025-07-06,2,19,74,False,72,7,54,False,15,12,58,False,60,21,1,False,89,85,9,False,66,0,2,False,59,59,2,False,0,90,49,False,8,80,10,False,91,36,2,False,2,81,22,False,0,91,2,False,4,69,16,False,6,70,2,False,52,15,5,False,87,False
2025-07-13,2,18,76,False,73,7,55,False,14,12,61,False,59,22,1,False,86,90,10,False,66,0,2,False,62,57,2,False,1,94,53,False,8,84,11,False,88,38,2,False,2,85,22,False,0,91,3,False,4,72,16,False,7,74,1,False,56,18,5,False,89,False
2025-07-20,2,16,78,False,75,7,52,False,15,11,63,False,60,21,1,False,87,85,9,False,66,0,2,False,63,61,2,False,0,94,60,False,8,87,12,False,89,39,2,False,1,86,25,False,1,95,3,False,4,73,17,False,7,72,2,False,53,17,5,False,90,False
2025-07-27,2,15,78,False,72,7,55,False,15,12,60,False,58,20,1,False,91,89,9,False,63,0,2,False,61,73,2,False,0,94,64,False,8,82,12,False,89,41,2,False,2,89,29,False,1,92,2,False,4,78,18,False,7,86,2,False,56,17,5,False,92,False
2025-08-03,2,14,88,True,82,8,59,True,16,14,63,True,59,21,1,True,87,87,10,True,68,0,3,True,61,64,2,True,0,100,68,True,8,87,12,True,91,45,2,True,2,93,31,True,1,100,2,True,4,81,19,True,9,91,2,True,58,18,6,True,98,True
