date,el empleo,desempleo,industria,comercio,isPartial,paro,inflacion,tasa de cambio,dolar ,isPartial,credito,precios,compra,tasa de interes,isPartial,riesgo politico,petroleo,elecciones,manifestaciones,isPartial,inversion,crisis economica,clima,lluvias,isPartial,derrumbes,prima de riesgo,incertidumbre,fenomeno del niño,isPartial,construcción,carbon,café,hoteles,isPartial,restaurantes,turismo,vuelos,cine,isPartial,apuestas,apuestas en línea,arriendo,poliza,isPartial,eps,concierto,carnes,corabastos,isPartial,cultivos,gasolina,diesel,fenomeno de la niña,isPartial
2020-08-02,9,20,26,91,False,1,0,0,17,False,99,84,82,2,False,0,0,0,0,False,0,0,69,0,False,3,18,46,9,False,6,69,50,46,False,22,20,19,24,False,45,0,74,6,False,79,15,18,1,False,1,12,59,0,False
2020-08-09,9,20,27,90,False,0,0,0,15,False,93,84,80,2,False,0,0,0,0,False,1,0,68,0,False,4,19,54,10,False,6,67,49,46,False,23,20,20,25,False,50,0,49,6,False,79,16,18,0,False,1,12,56,0,False
2020-08-16,9,19,26,86,False,0,0,0,14,False,86,82,79,2,False,0,0,1,0,False,1,0,84,0,False,5,19,52,10,False,6,71,50,43,False,23,19,19,26,False,54,0,52,6,False,74,16,17,0,False,1,12,57,0,False
2020-08-23,10,18,30,87,False,1,0,0,12,False,88,82,75,2,False,0,0,0,0,False,1,0,76,0,False,5,18,55,11,False,7,77,47,39,False,21,17,20,26,False,51,0,50,6,False,74,15,17,0,False,1,12,57,0,False
2020-08-30,11,19,33,90,False,1,0,0,13,False,89,83,81,2,False,0,0,0,0,False,1,0,73,0,False,5,17,62,16,False,7,81,46,39,False,21,18,24,26,False,46,0,48,6,False,74,16,18,1,False,1,13,59,0,False
2020-09-06,10,17,30,90,False,1,0,0,12,False,88,79,77,2,False,0,0,1,0,False,1,0,75,0,False,5,16,58,16,False,7,84,47,37,False,23,19,22,26,False,49,0,46,6,False,76,15,19,1,False,1,12,60,0,False
2020-09-13,10,15,31,93,False,1,0,0,14,False,83,81,76,2,False,0,0,1,0,False,1,0,70,0,False,6,18,55,11,False,7,89,48,34,False,20,19,22,22,False,50,0,42,6,False,74,16,19,0,False,1,12,55,0,False
2020-09-20,11,16,32,97,False,1,0,0,13,False,82,80,79,2,False,0,0,1,0,False,1,0,64,0,False,5,17,63,12,False,7,88,44,34,False,19,18,23,25,False,56,0,50,7,False,73,21,17,0,False,1,12,56,0,False
2020-09-27,11,17,31,90,False,1,0,0,15,False,90,81,75,2,False,0,0,1,0,False,1,0,65,0,False,4,16,66,11,False,8,88,46,38,False,19,20,23,30,False,54,0,47,7,False,74,15,16,0,False,1,12,56,0,False
2020-10-04,10,16,28,86,False,1,0,0,14,False,93,81,75,2,False,0,0,1,0,False,1,0,64,0,False,6,16,58,10,False,8,87,46,39,False,21,19,24,26,False,53,0,43,6,False,79,17,17,0,False,1,12,55,0,False
2020-10-11,9,14,26,88,False,0,0,0,13,False,81,80,69,2,False,0,0,1,0,False,1,0,63,0,False,7,16,53,9,False,7,80,46,37,False,22,18,24,26,False,55,0,44,6,False,76,15,17,0,False,1,12,53,0,False
2020-10-18,11,15,30,93,False,1,0,0,14,False,84,82,75,2,False,0,0,3,0,False,1,0,65,0,False,7,16,55,11,False,8,81,44,33,False,17,18,23,25,False,58,0,45,6,False,77,14,17,0,False,1,12,57,0,False
2020-10-25,10,15,29,83,False,0,0,0,19,False,85,81,71,2,False,0,0,2,0,False,1,0,70,0,False,8,18,54,12,False,8,75,43,31,False,18,19,21,25,False,57,0,45,6,False,80,18,17,0,False,1,13,54,0,False
2020-11-01,8,14,25,84,False,1,0,0,19,False,77,77,70,2,False,0,0,100,0,False,0,0,54,0,False,10,17,49,12,False,7,72,37,28,False,16,17,20,23,False,57,0,42,5,False,75,15,15,0,False,1,11,48,0,False
2020-11-08,9,15,30,93,False,0,0,0,32,False,85,85,71,2,False,0,0,8,0,False,1,0,62,0,False,10,21,55,20,False,8,81,41,34,False,17,19,23,23,False,58,0,48,6,False,77,14,16,0,False,1,12,53,0,False
2020-11-15,8,14,27,89,False,1,0,0,20,False,85,83,74,2,False,0,0,2,0,False,1,0,61,0,False,11,19,48,14,False,7,77,41,32,False,17,21,21,23,False,55,0,45,6,False,71,15,16,0,False,1,12,55,0,False
2020-11-22,9,13,28,88,False,1,0,0,18,False,87,81,82,2,False,0,0,1,0,False,1,0,60,0,False,7,21,45,12,False,8,77,41,33,False,16,20,21,23,False,64,0,44,6,False,73,17,17,0,False,1,12,55,0,False
2020-11-29,8,14,26,84,False,1,0,0,15,False,87,81,77,2,False,0,0,1,0,False,1,0,67,0,False,6,17,46,9,False,7,80,42,31,False,18,20,21,21,False,62,0,44,6,False,76,16,16,0,False,1,12,56,0,False
2020-12-06,7,12,23,82,False,0,0,0,14,False,82,83,72,2,False,0,0,2,0,False,1,0,63,0,False,5,16,40,9,False,7,81,42,34,False,19,19,21,24,False,70,0,38,6,False,76,15,19,0,False,1,12,56,0,False
2020-12-13,8,13,22,73,False,0,0,0,14,False,84,82,73,1,False,0,0,1,0,False,1,0,64,0,False,5,16,38,9,False,6,75,38,33,False,19,17,21,24,False,58,0,38,6,False,78,16,20,0,False,1,12,54,0,False
2020-12-20,5,11,13,66,False,1,0,0,13,False,66,74,61,1,False,0,0,0,0,False,0,0,62,0,False,3,12,25,3,False,4,64,37,32,False,20,16,20,22,False,89,0,32,4,False,70,25,25,0,False,0,12,53,0,False
2020-12-27,5,12,12,62,False,0,0,0,14,False,66,75,64,1,False,0,0,0,0,False,0,0,72,0,False,3,13,23,3,False,4,59,34,37,False,22,17,19,24,False,59,0,43,4,False,69,36,24,0,False,0,12,55,0,False
2021-01-03,8,16,17,75,False,1,0,0,16,False,80,83,67,1,False,0,0,1,0,False,0,0,61,0,False,4,15,25,5,False,5,70,36,37,False,18,18,23,22,False,69,0,61,6,False,88,14,15,0,False,0,12,57,0,False
2021-01-10,9,16,23,73,False,1,0,0,14,False,86,80,70,1,False,0,0,1,0,False,1,0,68,0,False,4,17,32,5,False,6,70,36,34,False,16,18,21,21,False,53,0,54,6,False,88,12,16,0,False,1,12,54,0,False
2021-01-17,9,15,24,76,False,0,0,0,13,False,85,81,75,2,False,0,0,1,0,False,1,0,60,0,False,4,18,36,5,False,6,81,36,34,False,16,18,20,22,False,57,0,54,6,False,89,13,15,0,False,1,12,55,0,False
2021-01-24,10,15,25,84,False,0,0,0,12,False,84,84,74,2,False,0,0,1,0,False,1,0,66,0,False,4,18,37,6,False,6,83,37,35,False,16,18,18,21,False,54,0,52,6,False,84,13,15,0,False,1,12,57,0,False
2021-01-31,9,17,24,81,False,1,0,0,14,False,86,82,70,2,False,0,0,1,0,False,1,0,58,0,False,4,26,37,6,False,7,78,36,31,False,16,17,18,22,False,59,0,49,7,False,90,12,16,0,False,1,13,57,0,False
2021-02-07,9,15,26,84,False,0,0,0,13,False,93,79,70,2,False,0,0,3,0,False,1,0,63,0,False,4,30,41,5,False,7,77,38,36,False,17,19,19,22,False,61,0,51,6,False,83,13,16,0,False,1,14,60,0,False
2021-02-14,9,14,25,81,False,0,0,0,13,False,88,80,66,2,False,0,0,3,0,False,1,0,70,0,False,4,30,37,6,False,7,81,39,36,False,19,18,19,23,False,67,0,49,6,False,82,12,16,0,False,1,15,65,0,False
2021-02-21,10,14,30,86,False,1,0,0,15,False,87,81,72,2,False,0,0,1,0,False,1,0,51,0,False,4,49,41,7,False,7,83,37,36,False,17,19,21,23,False,63,0,50,7,False,85,15,16,0,False,1,18,60,0,False
2021-02-28,9,15,29,91,False,1,0,0,14,False,88,80,73,2,False,0,0,2,0,False,1,0,58,0,False,6,28,51,7,False,8,81,41,39,False,18,19,22,26,False,59,0,47,7,False,86,14,17,0,False,1,18,61,0,False
2021-03-07,9,15,30,87,False,1,0,0,15,False,84,79,72,2,False,0,0,2,0,False,1,0,48,0,False,6,19,46,7,False,8,79,38,42,False,18,19,22,25,False,64,0,46,6,False,90,14,16,0,False,2,18,57,0,False
2021-03-14,9,15,31,88,False,1,0,0,14,False,87,79,71,2,False,0,1,1,0,False,1,0,52,0,False,7,18,43,7,False,8,75,38,42,False,19,18,23,27,False,61,0,47,7,False,87,13,16,0,False,1,16,58,0,False
2021-03-21,9,15,34,92,False,0,0,0,25,False,83,78,72,2,False,0,0,1,0,False,1,0,54,0,False,7,14,48,9,False,8,78,39,45,False,18,18,22,31,False,61,0,42,6,False,83,15,17,0,False,1,15,56,0,False
2021-03-28,6,12,20,85,False,0,0,0,19,False,75,81,67,1,False,0,0,1,0,False,0,0,52,0,False,4,11,31,5,False,6,74,36,49,False,22,17,21,35,False,59,0,39,6,False,75,17,18,0,False,1,14,54,0,False
2021-04-04,9,15,26,81,False,1,0,0,14,False,85,76,74,2,False,0,0,2,0,False,1,0,50,0,False,5,18,44,8,False,7,71,38,41,False,17,17,22,27,False,62,0,43,6,False,89,17,16,0,False,1,13,55,0,False
2021-04-11,9,14,33,95,False,1,0,0,14,False,86,76,73,2,False,0,0,6,0,False,1,0,48,0,False,4,17,48,8,False,8,76,44,40,False,17,18,21,26,False,62,0,42,7,False,84,31,16,0,False,1,14,55,0,False
2021-04-18,10,15,35,92,False,1,0,0,15,False,88,76,77,2,False,0,0,2,0,False,1,0,52,0,False,4,17,50,9,False,9,78,43,42,False,20,20,23,27,False,60,0,42,7,False,86,32,17,0,False,1,13,55,0,False
2021-04-25,9,19,33,93,False,2,0,0,16,False,83,83,75,2,False,0,0,1,0,False,1,0,48,0,False,6,16,48,9,False,8,75,42,40,False,23,18,23,27,False,63,0,41,6,False,80,24,17,0,False,1,14,53,0,False
2021-05-02,9,16,31,85,False,2,0,0,14,False,85,74,72,2,False,0,0,5,0,False,1,0,50,0,False,6,15,45,9,False,8,75,47,41,False,22,18,24,23,False,61,0,42,6,False,80,22,17,0,False,1,14,53,0,False
2021-05-09,9,17,33,85,False,1,0,0,15,False,87,82,78,3,False,0,0,2,0,False,1,0,55,0,False,5,15,47,7,False,8,75,47,48,False,25,21,27,25,False,65,0,43,7,False,86,25,18,0,False,1,17,57,0,False
2021-05-16,9,15,31,78,False,1,0,0,14,False,87,78,74,2,False,0,0,3,0,False,1,0,48,0,False,5,16,44,10,False,8,75,48,48,False,24,21,30,28,False,60,0,43,6,False,74,23,17,0,False,1,15,53,0,False
2021-05-23,9,13,32,78,False,1,0,0,14,False,85,77,78,2,False,0,0,1,0,False,1,0,47,0,False,6,14,40,10,False,9,67,50,47,False,24,18,28,29,False,56,0,45,6,False,83,22,16,0,False,1,14,55,0,False
2021-05-30,9,14,30,81,False,1,0,0,14,False,86,82,76,2,False,0,0,2,0,False,1,0,50,0,False,6,15,43,9,False,8,69,52,51,False,25,20,30,35,False,54,0,51,7,False,86,22,17,0,False,1,14,57,0,False
2021-06-06,9,14,30,100,False,1,0,0,15,False,86,82,72,2,False,0,0,24,0,False,1,0,50,0,False,6,15,47,9,False,8,66,52,54,False,27,19,30,35,False,53,0,48,6,False,83,21,17,0,False,1,14,57,0,False
2021-06-13,9,13,32,83,False,1,0,0,15,False,88,84,80,2,False,0,0,2,0,False,1,0,53,0,False,9,15,47,9,False,8,67,53,56,False,27,20,32,38,False,62,0,45,6,False,80,26,18,0,False,1,14,59,0,False
2021-06-20,9,12,28,74,False,0,0,0,15,False,84,81,71,2,False,0,0,1,0,False,1,0,52,0,False,9,15,40,9,False,8,63,50,58,False,31,21,32,44,False,56,0,45,6,False,84,26,17,0,False,1,14,60,0,False
2021-06-27,9,12,24,72,False,0,0,0,14,False,88,83,72,2,False,0,0,1,0,False,0,0,69,0,False,7,12,33,6,False,7,65,50,60,False,28,20,34,48,False,59,0,48,6,False,85,25,16,0,False,1,14,57,0,False
2021-07-04,8,12,23,70,False,1,0,0,13,False,88,84,69,2,False,0,0,1,0,False,0,0,50,0,False,4,14,31,6,False,7,64,49,61,False,32,21,33,52,False,61,0,48,6,False,80,25,17,0,False,1,16,67,0,False
2021-07-11,8,11,24,70,False,0,0,0,13,False,89,85,72,2,False,0,0,1,0,False,0,0,52,0,False,4,13,32,6,False,7,64,50,63,False,33,23,33,49,False,51,0,46,7,False,85,24,17,0,False,1,14,61,0,False
2021-07-18,7,12,24,70,False,1,0,0,13,False,90,91,73,2,False,0,0,1,0,False,0,0,54,0,False,5,14,32,7,False,7,67,52,64,False,37,24,33,53,False,53,0,55,6,False,81,26,17,0,False,1,14,66,0,False
2021-07-25,7,11,23,72,False,0,0,0,14,False,86,84,68,2,False,0,0,1,0,False,0,0,69,0,False,5,11,29,5,False,7,65,54,56,False,36,21,31,44,False,51,0,54,6,False,80,25,16,0,False,1,14,61,0,False
2021-08-01,7,11,22,68,False,1,0,0,14,False,87,84,69,2,False,0,0,1,0,False,0,0,54,0,False,4,12,31,5,False,6,64,52,61,False,37,21,31,42,False,48,0,51,6,False,75,28,18,0,False,1,14,57,0,False
2021-08-08,7,11,23,67,False,0,0,0,14,False,83,84,72,2,False,0,0,1,0,False,0,0,54,0,False,8,13,36,31,False,7,69,51,62,False,39,21,30,39,False,51,0,51,6,False,75,27,17,0,False,1,16,58,0,False
2021-08-15,7,10,24,72,False,0,0,0,12,False,82,87,68,2,False,0,0,1,0,False,0,0,55,0,False,8,11,45,22,False,7,65,50,60,False,35,21,32,39,False,58,0,51,6,False,71,28,17,0,False,2,16,57,0,False
2021-08-22,8,11,25,71,False,1,0,0,12,False,85,80,70,2,False,0,0,1,0,False,0,0,55,0,False,9,12,40,18,False,7,71,49,54,False,31,21,32,39,False,56,0,49,6,False,77,30,17,0,False,1,18,57,0,False
2021-08-29,8,12,27,70,False,0,0,0,12,False,81,84,68,2,False,0,0,1,0,False,0,0,58,0,False,5,13,42,12,False,7,70,48,50,False,26,20,31,39,False,52,0,45,6,False,73,30,16,0,False,1,15,55,0,False
2021-09-05,9,11,26,70,False,0,0,0,12,False,81,79,62,2,False,0,0,1,0,False,0,0,58,0,False,7,12,44,10,False,8,75,47,45,False,27,20,28,36,False,55,0,43,6,False,72,29,17,0,False,1,17,53,0,False
2021-09-12,8,10,27,69,False,0,0,0,11,False,80,76,64,2,False,0,0,4,0,False,1,0,54,0,False,7,11,43,8,False,7,77,49,48,False,26,21,30,34,False,59,0,39,6,False,71,29,16,0,False,1,13,56,0,False
2021-09-19,9,11,27,72,False,0,0,0,12,False,81,73,64,2,False,0,0,1,0,False,1,0,57,0,False,5,12,41,10,False,8,74,47,47,False,24,22,30,34,False,53,0,42,6,False,70,28,15,0,False,1,13,55,0,False
2021-09-26,8,11,28,77,False,1,0,0,13,False,84,77,62,2,False,0,0,1,0,False,0,0,60,0,False,4,12,42,9,False,8,76,48,50,False,24,22,32,38,False,58,0,41,6,False,67,30,15,0,False,1,14,60,0,False
2021-10-03,8,10,26,72,False,1,0,0,13,False,81,79,65,2,False,0,0,1,0,False,0,0,62,0,False,5,12,41,7,False,8,73,47,51,False,26,21,32,41,False,56,0,43,6,False,74,31,15,0,False,1,14,55,0,False
2021-10-10,7,9,23,65,False,1,0,0,18,False,79,82,61,2,False,0,0,1,0,False,0,0,65,0,False,8,14,42,7,False,7,72,45,47,False,28,20,33,44,False,59,0,42,6,False,69,33,15,0,False,1,14,58,0,False
2021-10-17,8,10,29,69,False,1,0,0,20,False,77,82,66,2,False,0,0,1,0,False,1,0,62,0,False,6,12,42,10,False,8,77,49,48,False,25,19,32,43,False,57,0,46,6,False,68,36,15,0,False,1,15,61,0,False
2021-10-24,7,9,28,67,False,1,0,0,19,False,80,79,64,2,False,0,0,1,0,False,1,0,60,0,False,5,11,43,10,False,8,78,49,47,False,24,20,32,38,False,53,0,45,6,False,65,35,16,0,False,1,21,61,0,False
2021-10-31,7,9,25,62,False,1,0,0,15,False,78,79,61,2,False,0,0,1,0,False,0,0,61,0,False,7,13,33,9,False,7,78,46,44,False,27,19,32,44,False,53,0,42,6,False,66,35,15,0,False,1,16,70,0,False
2021-11-07,8,9,29,69,False,1,0,0,19,False,88,89,68,2,False,0,0,2,0,False,1,0,58,0,False,5,12,42,11,False,8,86,49,44,False,25,22,36,41,False,53,0,43,6,False,74,52,16,0,False,1,16,65,0,False
2021-11-14,7,9,27,69,False,0,0,0,31,False,85,83,68,2,False,0,0,6,0,False,1,0,57,0,False,6,14,38,10,False,8,79,48,45,False,26,21,33,42,False,54,0,43,7,False,72,44,16,0,False,1,14,57,0,False
2021-11-21,7,8,28,68,False,1,0,0,47,False,85,79,66,2,False,0,0,4,0,False,1,0,58,0,False,5,12,39,7,False,8,73,49,43,False,24,20,31,41,False,55,0,41,6,False,71,40,14,0,False,1,14,54,0,False
2021-11-28,6,8,25,67,False,0,0,0,36,False,76,79,66,2,False,0,0,2,0,False,1,0,54,0,False,5,12,33,7,False,8,75,45,44,False,26,19,30,51,False,55,0,41,6,False,68,48,17,0,False,1,13,57,0,False
2021-12-05,6,7,22,64,False,0,0,0,26,False,75,77,60,2,False,0,0,1,0,False,1,0,54,0,False,5,11,32,6,False,7,75,48,41,False,26,19,27,43,False,58,0,41,6,False,69,51,17,0,False,1,13,53,0,False
2021-12-12,6,7,21,63,False,0,0,0,47,False,76,79,65,2,False,0,0,1,0,False,0,0,62,0,False,3,10,29,8,False,6,70,43,41,False,23,18,29,60,False,51,0,38,6,False,71,49,17,0,False,1,12,53,0,False
2021-12-19,4,5,14,54,False,0,0,0,100,False,67,70,58,1,False,0,0,2,0,False,0,0,61,0,False,3,7,19,3,False,4,61,39,44,False,23,17,26,63,False,66,0,35,5,False,59,32,22,0,False,0,12,51,0,False
2021-12-26,4,5,12,48,False,0,0,0,45,False,67,80,56,1,False,0,0,0,0,False,0,0,67,0,False,3,7,17,2,False,3,61,42,54,False,28,19,31,54,False,43,0,47,5,False,59,41,24,0,False,0,13,54,0,False
2022-01-02,7,8,19,55,False,0,0,0,36,False,85,84,70,2,False,0,0,0,0,False,1,0,56,0,False,4,10,26,5,False,6,76,50,56,False,27,23,36,54,False,58,0,68,7,False,87,33,15,0,False,0,15,61,0,False
2022-01-09,8,8,22,60,False,0,0,0,25,False,85,79,70,2,False,0,0,1,0,False,1,0,57,0,False,4,11,31,5,False,6,81,51,50,False,22,21,35,46,False,49,0,62,7,False,86,29,15,0,False,1,14,56,0,False
2022-01-16,9,8,23,60,False,1,0,0,20,False,81,74,67,2,False,0,1,0,0,False,1,0,61,0,False,3,12,33,6,False,6,80,48,48,False,21,21,30,38,False,49,0,55,8,False,79,32,14,0,False,1,13,52,0,False
2022-01-23,10,11,25,64,False,1,0,0,18,False,90,86,70,2,False,0,1,1,0,False,1,0,56,0,False,4,14,39,6,False,8,87,50,49,False,24,22,32,41,False,53,0,61,8,False,87,92,15,0,False,1,14,56,0,False
2022-01-30,9,11,27,77,False,1,0,0,19,False,97,81,74,2,False,0,0,1,0,False,1,0,60,0,False,5,23,41,6,False,8,87,54,53,False,25,24,34,40,False,63,0,60,8,False,97,51,16,0,False,1,16,60,0,False
2022-02-06,9,10,29,71,False,1,0,0,17,False,98,87,72,2,False,0,0,1,0,False,1,0,54,0,False,7,31,43,9,False,8,91,54,54,False,28,24,34,40,False,51,0,57,8,False,89,54,16,0,False,1,15,59,0,False
2022-02-13,10,11,36,80,False,1,0,0,16,False,96,93,72,3,False,0,1,2,0,False,1,0,49,0,False,7,43,56,10,False,9,92,56,55,False,32,27,36,45,False,57,0,56,8,False,90,60,18,0,False,1,16,59,0,False
2022-02-20,10,10,33,80,False,1,0,0,27,False,92,86,75,3,False,0,1,1,0,False,1,0,49,0,False,9,54,56,10,False,10,90,54,56,False,26,27,36,45,False,51,0,53,7,False,83,56,17,0,False,1,18,63,0,False
2022-02-27,10,11,33,80,False,1,0,0,23,False,95,89,73,2,False,0,1,1,0,False,1,0,44,0,False,8,31,54,9,False,9,92,53,50,False,28,40,35,50,False,53,0,54,8,False,85,55,17,0,False,1,20,69,0,False
2022-03-06,10,10,35,79,False,1,0,0,25,False,100,92,76,3,False,0,2,1,0,False,1,0,47,0,False,9,19,56,9,False,10,91,55,49,False,25,40,35,46,False,57,0,51,7,False,86,58,16,0,False,1,52,100,0,False
2022-03-13,10,10,35,82,False,1,0,0,19,False,93,92,76,3,False,0,1,5,0,False,1,0,45,0,False,8,18,56,9,False,10,87,51,53,False,28,36,36,45,False,55,0,48,8,False,89,56,16,0,False,1,32,75,0,False
2022-03-20,10,10,34,80,False,1,0,0,20,False,89,89,79,3,False,0,1,1,0,False,1,0,45,0,False,8,16,57,9,False,10,86,57,54,False,26,31,38,45,False,57,0,47,8,False,80,87,16,0,False,1,25,74,0,False
2022-03-27,10,10,37,95,False,1,0,0,19,False,100,94,76,3,False,0,1,1,0,False,1,0,41,0,False,8,18,59,10,False,10,96,54,52,False,25,29,38,43,False,53,0,45,7,False,80,82,16,0,False,1,25,69,0,False
2022-04-03,10,12,34,85,False,2,0,0,17,False,95,91,76,3,False,0,1,1,0,False,1,0,42,0,False,9,17,60,9,False,10,95,55,58,False,27,28,38,48,False,56,0,49,7,False,86,65,17,0,False,1,21,71,0,False
2022-04-10,6,6,23,59,False,1,0,0,16,False,79,88,69,2,False,0,1,1,0,False,1,0,45,0,False,5,12,37,4,False,7,84,56,62,False,36,27,37,57,False,57,0,37,5,False,67,45,16,0,False,1,19,62,0,False
2022-04-17,10,10,30,78,False,1,0,0,15,False,88,93,73,2,False,0,1,1,0,False,1,0,41,0,False,8,16,55,9,False,10,89,54,53,False,28,25,39,45,False,56,0,44,7,False,83,56,17,0,False,1,18,58,0,False
2022-04-24,10,10,35,81,False,2,0,0,16,False,92,91,81,3,False,0,1,1,0,False,1,0,44,0,False,9,16,56,9,False,10,90,56,52,False,29,25,37,43,False,59,0,42,7,False,81,59,17,0,False,1,18,59,0,False
2022-05-01,9,11,34,80,False,1,0,0,17,False,94,86,75,3,False,0,1,1,0,False,1,0,41,0,False,7,18,56,10,False,10,84,62,52,False,27,24,38,57,False,68,0,42,7,False,80,71,18,0,False,1,19,63,0,False
2022-05-08,9,10,34,78,False,1,0,0,19,False,86,86,71,3,False,0,1,1,0,False,1,0,39,0,False,8,18,53,11,False,9,90,54,52,False,27,22,36,49,False,67,0,40,8,False,86,56,17,0,False,1,19,59,0,False
2022-05-15,9,9,34,72,False,1,0,0,21,False,88,78,68,3,False,0,1,1,0,False,1,0,58,0,False,8,16,49,9,False,9,79,55,51,False,25,22,40,42,False,54,0,38,7,False,81,63,16,0,False,1,18,59,0,False
2022-05-22,9,9,34,74,False,1,0,0,23,False,91,80,71,2,False,0,1,2,0,False,1,0,49,0,False,7,17,49,12,False,9,77,58,54,False,25,23,38,45,False,61,0,39,7,False,81,68,16,0,False,1,17,70,0,False
2022-05-29,9,10,33,73,False,1,0,0,20,False,87,85,74,2,False,0,1,6,0,False,1,0,53,0,False,11,15,48,13,False,9,72,56,56,False,24,23,41,51,False,51,0,36,7,False,75,66,16,0,False,1,19,63,0,False
2022-06-05,10,9,32,70,False,1,0,0,25,False,91,84,72,3,False,0,1,2,0,False,1,0,53,0,False,9,22,49,11,False,9,72,57,58,False,26,23,40,51,False,55,0,40,7,False,81,76,17,0,False,1,19,63,0,False
2022-06-12,9,9,27,71,False,1,0,0,23,False,86,87,68,3,False,0,1,1,0,False,1,0,52,0,False,9,47,48,12,False,8,72,56,57,False,26,22,41,50,False,52,0,38,7,False,81,66,17,0,False,1,24,61,0,False
2022-06-19,9,9,29,69,False,1,0,0,25,False,89,85,71,3,False,0,1,7,0,False,1,0,51,0,False,9,21,47,12,False,8,70,57,59,False,26,22,42,52,False,45,0,40,7,False,79,68,17,0,False,1,23,63,0,False
2022-06-26,8,9,27,70,False,2,0,0,26,False,86,88,69,3,False,0,1,0,0,False,1,0,49,0,False,10,17,42,9,False,8,65,58,60,False,27,22,43,57,False,45,0,42,7,False,80,56,16,0,False,1,22,63,0,False
2022-07-03,9,10,25,67,False,1,0,0,28,False,93,100,73,3,False,0,1,0,0,False,1,0,47,0,False,8,16,42,7,False,8,68,55,63,False,28,22,42,71,False,47,0,46,9,False,83,64,17,0,False,1,24,63,0,False
2022-07-10,9,8,23,63,False,1,0,0,27,False,90,93,73,3,False,0,1,0,0,False,1,0,49,0,False,7,16,38,7,False,7,71,55,61,False,28,22,42,64,False,47,0,42,7,False,86,62,16,0,False,1,21,63,0,False
2022-07-17,8,8,23,59,False,1,0,0,27,False,89,92,68,2,False,0,0,0,0,False,0,0,44,0,False,6,19,37,6,False,7,72,57,63,False,30,22,40,65,False,44,0,44,7,False,77,59,16,0,False,1,21,61,0,False
2022-07-24,8,8,23,63,False,1,0,0,25,False,92,84,66,3,False,0,0,0,0,False,0,0,47,0,False,5,14,36,6,False,7,70,59,64,False,30,21,41,56,False,45,0,44,7,False,81,75,16,0,False,1,19,61,0,False
2022-07-31,9,9,24,65,False,1,0,0,22,False,94,98,70,2,False,0,1,0,0,False,0,0,45,0,False,5,14,35,6,False,7,71,56,65,False,31,22,42,46,False,47,0,41,7,False,86,64,16,0,False,1,19,63,0,False
2022-08-07,8,9,25,65,False,1,0,0,21,False,86,86,67,3,False,0,1,1,0,False,0,0,54,0,False,6,14,38,9,False,8,66,60,65,False,30,21,39,46,False,51,0,41,7,False,84,64,17,0,False,1,19,63,0,False
2022-08-14,9,8,25,66,False,1,0,0,21,False,84,86,68,3,False,0,1,1,0,False,0,0,57,0,False,7,12,47,12,False,8,67,59,57,False,31,21,37,51,False,52,0,39,7,False,83,65,17,0,False,1,18,59,0,False
2022-08-21,9,9,28,71,False,1,0,0,22,False,86,84,69,3,False,0,1,1,0,False,1,0,50,0,False,7,14,53,11,False,9,76,59,55,False,30,22,39,49,False,52,0,44,7,False,84,72,17,0,False,1,18,62,0,False
2022-08-28,9,9,29,65,False,1,0,0,18,False,87,85,69,3,False,0,1,1,0,False,1,0,54,0,False,8,12,51,12,False,8,75,56,52,False,27,20,38,44,False,57,0,41,7,False,83,67,17,0,False,1,18,63,0,False
2022-09-04,9,10,28,69,False,1,0,0,19,False,85,83,68,3,False,0,1,1,0,False,1,0,57,0,False,7,14,56,12,False,8,77,54,50,False,27,20,37,44,False,59,0,39,7,False,80,71,17,0,False,1,16,57,0,False
2022-09-11,9,9,28,67,False,1,0,0,17,False,84,79,69,3,False,0,1,1,0,False,1,0,54,0,False,7,13,53,11,False,8,82,55,48,False,24,22,35,44,False,62,0,35,7,False,79,75,17,0,False,1,19,59,0,False
2022-09-18,9,9,31,71,False,1,0,0,18,False,87,81,70,3,False,0,1,1,0,False,1,0,56,0,False,13,14,56,12,False,8,85,55,50,False,25,22,36,50,False,61,0,38,8,False,78,75,16,0,False,1,17,61,0,False
2022-09-25,10,10,31,78,False,1,0,0,20,False,88,79,71,3,False,0,1,2,0,False,1,0,56,0,False,11,15,60,12,False,9,84,57,46,False,25,24,37,53,False,56,0,42,8,False,77,84,16,0,False,1,17,60,0,False
2022-10-02,9,11,28,74,False,1,0,0,18,False,96,77,70,3,False,0,1,6,0,False,1,0,56,0,False,9,14,58,13,False,9,84,61,47,False,24,21,37,59,False,58,0,39,7,False,76,74,16,0,False,1,16,57,0,False
2022-10-09,9,9,26,68,False,1,0,0,17,False,84,78,68,3,False,0,0,1,0,False,1,0,53,0,False,10,15,56,9,False,9,83,54,48,False,27,21,34,52,False,58,0,40,7,False,76,74,17,0,False,1,17,58,0,False
2022-10-16,9,9,28,73,False,1,0,0,17,False,87,78,71,3,False,0,1,1,0,False,1,0,59,0,False,9,15,56,15,False,9,84,52,45,False,24,21,35,48,False,58,0,40,7,False,74,66,16,0,False,1,17,60,0,False
2022-10-23,9,10,31,74,False,1,0,0,17,False,88,78,72,3,False,0,0,1,0,False,1,0,51,0,False,12,14,53,14,False,10,83,55,45,False,23,21,35,45,False,61,0,39,7,False,76,58,17,0,False,1,15,63,0,False
2022-10-30,8,9,26,64,False,1,0,0,22,False,82,80,66,3,False,0,0,3,0,False,1,0,51,0,False,8,12,48,10,False,8,78,57,45,False,25,20,35,48,False,57,0,36,7,False,77,52,16,0,False,1,19,67,0,False
2022-11-06,8,10,30,68,False,1,0,0,20,False,90,79,66,3,False,0,1,3,0,False,1,0,51,0,False,9,13,49,13,False,9,83,56,42,False,24,21,34,47,False,56,0,40,7,False,73,60,16,0,False,1,15,60,0,False
2022-11-13,9,9,29,66,False,1,0,0,19,False,91,82,69,3,False,0,0,1,0,False,1,0,53,0,False,9,14,49,13,False,9,86,56,45,False,25,23,36,46,False,54,0,42,7,False,77,77,16,0,False,1,15,57,0,False
2022-11-20,8,8,27,62,False,1,0,0,18,False,81,73,69,2,False,0,1,1,0,False,1,0,49,0,False,6,14,44,13,False,8,77,54,39,False,23,19,33,40,False,100,0,37,7,False,71,61,15,0,False,1,12,54,0,False
2022-11-27,8,8,27,63,False,1,0,0,16,False,81,73,63,2,False,0,0,1,0,False,1,0,49,0,False,6,12,43,12,False,7,81,50,38,False,23,19,31,39,False,83,0,37,7,False,79,66,15,0,False,1,13,53,0,False
2022-12-04,6,7,22,62,False,1,0,0,16,False,76,72,59,2,False,0,0,1,0,False,1,0,49,0,False,6,12,37,10,False,7,85,52,37,False,30,18,30,41,False,78,0,36,6,False,74,62,15,0,False,1,13,55,0,False
2022-12-11,7,8,22,64,False,1,0,0,18,False,83,73,65,2,False,0,0,1,0,False,1,0,48,0,False,4,11,35,9,False,7,83,53,36,False,29,19,33,49,False,69,0,35,7,False,83,48,17,0,False,1,14,58,0,False
2022-12-18,5,5,16,56,False,1,0,0,16,False,77,67,62,2,False,0,0,1,0,False,0,0,57,0,False,3,11,25,5,False,5,68,50,37,False,29,17,31,50,False,74,0,31,6,False,74,48,23,0,False,0,14,57,0,False
2022-12-25,5,5,13,50,False,0,0,0,17,False,81,76,61,2,False,0,0,0,0,False,0,0,61,0,False,3,9,20,5,False,5,66,54,49,False,33,21,37,63,False,53,0,39,6,False,64,47,24,0,False,0,19,61,0,False
2023-01-01,7,8,16,55,False,1,0,0,18,False,82,85,64,2,False,0,0,0,0,False,0,0,49,0,False,3,10,23,5,False,6,73,53,52,False,27,23,42,67,False,58,0,56,6,False,74,54,15,0,False,0,21,59,0,False
2023-01-08,8,10,22,59,False,1,0,0,20,False,93,83,70,2,False,0,0,1,0,False,1,0,52,0,False,11,12,27,7,False,7,81,55,51,False,25,23,45,61,False,50,0,58,7,False,80,46,15,0,False,1,15,58,0,False
2023-01-15,9,9,24,71,False,1,0,0,20,False,95,82,69,2,False,0,0,1,0,False,1,0,54,0,False,9,14,33,7,False,7,80,54,50,False,25,22,41,57,False,53,0,58,8,False,83,43,15,0,False,1,15,56,0,False
2023-01-22,9,9,24,61,False,1,0,0,18,False,91,80,68,3,False,0,0,1,0,False,1,0,52,0,False,4,16,34,7,False,7,81,58,49,False,24,22,38,52,False,52,0,53,8,False,86,47,15,0,False,1,17,60,0,False
2023-01-29,9,9,27,69,False,1,0,0,19,False,91,80,66,3,False,0,0,1,0,False,1,0,56,0,False,5,20,39,6,False,8,89,57,46,False,24,21,37,50,False,52,0,45,8,False,89,49,16,0,False,1,15,60,0,False
2023-02-05,9,9,27,66,False,1,0,0,16,False,91,81,65,3,False,0,0,2,0,False,1,0,50,0,False,7,24,41,8,False,8,87,53,44,False,25,20,37,54,False,50,0,47,8,False,92,49,16,0,False,1,16,59,0,False
2023-02-12,8,9,28,70,False,1,0,0,17,False,92,76,63,3,False,0,0,1,0,False,1,0,58,0,False,6,26,44,10,False,8,81,54,42,False,26,21,35,59,False,54,0,44,8,False,89,58,16,0,False,1,16,60,0,False
2023-02-19,10,8,26,69,False,1,0,0,16,False,89,81,59,3,False,0,0,1,0,False,1,0,53,0,False,6,37,47,11,False,8,81,55,42,False,25,21,37,52,False,54,0,42,8,False,92,56,16,0,False,1,14,54,0,False
2023-02-26,9,9,30,73,False,1,0,0,17,False,97,76,69,3,False,0,0,1,0,False,1,0,47,0,False,5,34,47,15,False,8,89,53,43,False,23,20,39,48,False,54,0,42,8,False,86,51,16,0,False,1,22,59,0,False
2023-03-05,9,9,30,70,False,1,0,0,18,False,91,78,67,3,False,0,0,1,0,False,1,0,44,0,False,7,17,45,26,False,9,83,55,43,False,22,21,35,48,False,54,0,42,8,False,82,56,15,0,False,1,17,58,0,False
2023-03-12,9,9,29,70,False,1,0,0,18,False,87,77,66,3,False,0,1,1,0,False,1,0,54,1,False,9,18,49,43,False,9,79,52,43,False,24,20,37,49,False,54,0,39,8,False,83,57,15,0,False,1,15,53,0,False
2023-03-19,9,9,31,73,False,1,0,0,16,False,86,75,66,3,False,0,1,1,0,False,1,0,51,0,False,10,14,47,39,False,9,82,53,41,False,24,21,36,49,False,53,0,42,7,False,82,50,16,0,False,1,16,55,0,False
2023-03-26,9,9,32,88,False,1,0,0,17,False,89,77,68,3,False,0,0,1,0,False,1,0,48,0,False,9,13,47,34,False,9,77,53,45,False,23,21,36,47,False,48,0,37,9,False,85,52,16,0,False,1,16,56,0,False
2023-04-02,6,6,22,59,False,2,0,0,17,False,79,75,60,2,False,0,0,1,0,False,0,0,43,0,False,7,10,35,34,False,6,74,52,49,False,30,22,33,69,False,53,0,34,6,False,69,40,17,0,False,1,15,55,0,False
2023-04-09,9,9,30,71,False,1,0,0,20,False,88,80,70,3,False,0,0,1,0,False,1,0,43,0,False,7,17,47,47,False,8,76,54,44,False,23,21,36,63,False,55,0,37,8,False,87,45,16,0,False,1,15,56,0,False
2023-04-16,9,9,33,73,False,1,0,0,21,False,87,78,67,3,False,0,0,2,0,False,1,0,45,0,False,8,16,51,57,False,9,82,55,44,False,23,20,35,61,False,64,0,37,8,False,81,57,16,0,False,1,16,54,0,False
2023-04-23,9,9,32,72,False,1,0,0,23,False,85,77,67,3,False,0,0,1,0,False,1,0,44,0,False,7,13,47,46,False,9,80,58,46,False,25,22,38,61,False,54,0,36,7,False,85,74,16,0,False,1,16,54,0,False
2023-04-30,8,8,27,63,False,1,0,0,19,False,78,77,67,2,False,0,0,2,0,False,1,0,42,0,False,6,12,45,56,False,8,79,56,42,False,28,22,34,58,False,56,0,34,7,False,75,66,17,0,False,1,17,56,0,False
2023-05-07,9,9,32,69,False,1,0,0,22,False,88,79,69,3,False,0,0,3,0,False,1,0,41,0,False,5,14,47,60,False,8,77,59,41,False,25,20,34,55,False,66,0,33,8,False,75,60,17,0,False,1,15,55,0,False
2023-05-14,9,8,33,74,False,1,0,0,20,False,90,77,70,3,False,0,1,2,0,False,1,0,44,0,False,6,14,45,53,False,8,75,53,43,False,24,20,37,68,False,57,0,33,8,False,82,66,16,0,False,1,17,59,0,False
2023-05-21,9,8,34,67,False,1,0,0,18,False,84,80,69,3,False,0,1,2,0,False,1,0,48,0,False,6,13,47,63,False,9,76,54,44,False,23,20,38,68,False,52,0,34,8,False,72,67,16,0,False,1,16,62,0,False
2023-05-28,10,10,31,71,False,1,0,0,26,False,89,78,70,3,False,0,1,17,0,False,1,0,45,0,False,6,14,47,50,False,9,72,57,45,False,23,22,39,60,False,50,0,35,8,False,75,66,17,0,False,1,18,57,0,False
2023-06-04,10,9,29,68,False,1,0,0,35,False,88,82,69,3,False,0,1,4,0,False,1,0,41,0,False,6,14,45,94,False,9,74,56,49,False,26,22,39,60,False,53,0,37,8,False,78,67,17,0,False,1,16,58,0,False
2023-06-11,8,9,31,65,False,3,0,0,26,False,86,76,67,3,False,0,0,2,0,False,1,0,58,0,False,5,12,43,100,False,8,75,55,46,False,27,22,37,55,False,43,0,34,8,False,74,55,17,0,False,1,17,61,0,False
2023-06-18,8,9,29,65,False,2,0,0,28,False,81,74,69,2,False,0,0,2,0,False,1,0,55,0,False,6,12,35,75,False,8,75,56,46,False,26,22,37,49,False,47,0,34,7,False,81,57,16,0,False,1,16,59,0,False
2023-06-25,8,9,26,64,False,1,0,0,25,False,86,81,65,2,False,0,0,4,0,False,0,0,49,0,False,6,13,35,57,False,7,71,57,51,False,25,21,39,51,False,46,0,37,8,False,83,61,16,0,False,1,18,59,0,False
2023-07-02,8,9,25,63,False,3,0,0,25,False,91,81,68,2,False,0,0,1,0,False,1,0,49,0,False,6,12,37,84,False,8,71,54,51,False,28,22,41,61,False,46,0,39,8,False,81,59,17,0,False,1,17,60,0,False
2023-07-09,8,8,25,66,False,1,0,0,24,False,89,81,69,2,False,0,0,2,0,False,0,0,53,0,False,4,11,29,48,False,7,73,57,51,False,26,21,38,70,False,49,0,40,8,False,83,61,16,0,False,1,16,58,0,False
2023-07-16,7,7,23,62,False,1,0,0,27,False,84,82,65,2,False,0,0,3,0,False,0,0,51,0,False,5,11,28,38,False,7,71,55,49,False,28,22,41,100,False,48,0,37,8,False,75,56,16,0,False,1,16,60,0,False
2023-07-23,7,8,23,63,False,1,0,0,24,False,88,87,67,3,False,0,0,17,0,False,0,0,49,0,False,4,11,32,26,False,7,72,56,52,False,28,25,38,95,False,48,0,36,8,False,79,59,16,0,False,1,16,61,0,False
2023-07-30,7,9,23,59,False,1,0,0,24,False,86,82,67,2,False,0,0,2,0,False,0,0,43,0,False,4,11,32,26,False,7,66,55,50,False,28,28,38,76,False,50,0,36,8,False,76,53,16,0,False,1,17,61,0,False
2023-08-06,7,8,24,60,False,1,0,0,24,False,86,79,67,2,False,0,0,2,0,False,0,0,51,0,False,5,10,37,29,False,7,68,58,47,False,29,37,36,60,False,51,0,37,8,False,74,59,16,0,False,1,17,63,0,False
2023-08-13,7,8,24,62,False,1,0,0,29,False,83,76,66,3,False,0,0,9,0,False,0,0,57,0,False,6,10,41,37,False,7,67,57,45,False,29,36,36,53,False,51,0,36,7,False,73,61,16,0,False,1,20,65,0,False
2023-08-20,7,8,25,62,False,1,0,0,24,False,80,75,65,3,False,0,0,3,0,False,0,0,57,0,False,6,9,47,35,False,8,75,57,43,False,26,41,35,51,False,52,0,34,7,False,71,63,16,0,False,1,17,60,0,False
2023-08-27,9,9,28,65,False,1,0,0,21,False,87,75,69,3,False,0,0,1,0,False,1,0,60,0,False,5,10,58,35,False,8,74,55,41,False,25,47,37,55,False,52,0,37,8,False,75,67,16,0,False,1,17,62,0,False
2023-09-03,9,9,27,63,False,1,0,0,20,False,87,77,64,3,False,0,0,1,0,False,1,0,56,1,False,4,11,65,41,False,8,77,53,40,False,26,37,36,56,False,56,0,34,8,False,75,67,16,0,False,1,16,60,0,False
2023-09-10,8,8,28,62,False,1,0,0,19,False,84,71,63,3,False,0,0,1,0,False,1,0,53,0,False,5,10,56,35,False,8,91,50,37,False,22,31,33,49,False,57,0,30,8,False,75,62,16,0,False,1,15,59,0,False
2023-09-17,8,9,28,73,False,1,0,0,19,False,90,73,67,3,False,0,0,1,0,False,1,0,53,0,False,6,10,50,42,False,8,89,54,38,False,23,31,34,50,False,57,0,32,8,False,75,64,16,0,False,1,16,59,0,False
2023-09-24,8,11,31,78,False,1,0,0,20,False,91,73,67,3,False,0,0,1,0,False,1,0,57,0,False,6,11,52,46,False,9,90,52,39,False,24,42,33,54,False,55,0,35,8,False,75,62,15,0,False,1,15,60,0,False
2023-10-01,8,10,28,68,False,1,0,0,24,False,87,76,66,3,False,0,0,1,0,False,1,0,54,0,False,6,11,50,48,False,8,82,52,41,False,24,36,35,56,False,61,0,35,8,False,72,68,16,0,False,1,16,60,0,False
2023-10-08,8,8,25,69,False,1,0,0,24,False,78,75,62,3,False,0,1,1,0,False,1,0,61,0,False,5,9,42,43,False,8,88,53,38,False,26,30,35,54,False,57,0,33,7,False,74,69,16,0,False,1,15,59,0,False
2023-10-15,8,9,30,67,False,1,0,0,21,False,84,74,64,2,False,0,1,3,0,False,1,0,56,0,False,6,11,44,47,False,8,84,54,34,False,23,29,33,49,False,56,0,34,7,False,78,58,15,0,False,1,15,59,0,False
2023-10-22,8,9,29,70,False,1,0,0,22,False,80,73,64,3,False,0,1,12,0,False,1,0,62,0,False,6,10,48,46,False,9,85,54,35,False,21,31,33,55,False,61,0,33,8,False,78,54,15,0,False,1,15,58,0,False
2023-10-29,7,8,24,58,False,0,0,0,22,False,77,68,61,2,False,0,0,6,0,False,1,0,60,0,False,6,9,38,46,False,8,86,54,34,False,22,30,32,55,False,54,0,32,8,False,81,57,15,0,False,1,15,56,0,False
2023-11-05,8,9,29,60,False,1,0,0,21,False,89,75,68,3,False,0,0,1,0,False,1,0,56,0,False,6,11,40,62,False,8,84,55,37,False,22,28,35,46,False,58,0,35,8,False,76,63,16,0,False,1,15,59,0,False
2023-11-12,8,10,28,62,False,1,0,0,19,False,89,74,68,3,False,0,0,2,0,False,1,0,68,0,False,6,14,44,47,False,8,86,53,37,False,23,25,35,44,False,56,0,36,8,False,79,58,16,0,False,1,16,58,0,False
2023-11-19,7,9,27,60,False,1,0,0,23,False,86,74,70,3,False,0,0,8,0,False,1,0,68,0,False,6,13,42,38,False,8,80,54,36,False,22,26,38,43,False,57,0,35,7,False,78,54,16,0,False,1,15,60,0,False
2023-11-26,7,9,27,60,False,1,0,0,20,False,84,74,68,2,False,0,0,1,0,False,1,0,64,0,False,5,11,41,38,False,7,90,55,33,False,23,26,36,42,False,57,0,36,8,False,74,66,16,0,False,1,15,62,0,False
2023-12-03,6,8,23,56,False,1,0,0,19,False,76,72,62,2,False,0,0,1,0,False,1,0,62,0,False,4,10,35,35,False,7,89,54,35,False,26,23,32,51,False,53,0,32,8,False,69,60,17,0,False,1,15,60,0,False
2023-12-10,7,9,22,59,False,1,0,0,23,False,78,75,66,3,False,0,0,1,0,False,1,0,55,0,False,5,10,35,33,False,7,85,53,32,False,22,24,33,42,False,52,0,34,7,False,83,66,18,0,False,1,15,61,0,False
2023-12-17,5,9,18,50,False,1,0,0,18,False,75,71,63,2,False,0,0,2,0,False,1,0,61,0,False,3,9,26,24,False,6,76,52,30,False,22,31,30,41,False,78,0,29,7,False,90,52,22,0,False,0,15,63,0,False
2023-12-24,4,6,13,46,False,1,0,0,18,False,68,70,59,2,False,0,0,0,0,False,0,0,55,0,False,4,7,19,15,False,4,67,53,38,False,28,32,35,50,False,54,0,34,6,False,71,45,23,0,False,0,16,62,0,False
2023-12-31,6,7,15,47,False,0,0,0,18,False,77,72,60,2,False,0,0,0,0,False,0,0,55,0,False,4,7,20,16,False,6,73,58,39,False,26,30,40,47,False,60,0,47,7,False,69,48,16,0,False,0,16,66,0,False
2024-01-07,8,10,22,56,False,1,0,0,19,False,82,79,64,2,False,0,0,1,0,False,1,0,60,0,False,6,12,27,21,False,7,75,54,39,False,22,27,41,47,False,51,0,51,8,False,73,36,16,0,False,1,15,67,0,False
2024-01-14,9,9,25,62,False,1,0,0,17,False,84,79,63,3,False,0,0,1,0,False,1,0,62,0,False,6,12,29,27,False,7,86,55,40,False,22,27,41,45,False,53,0,50,9,False,85,36,15,0,False,1,15,65,0,False
2024-01-21,8,9,26,65,False,1,0,0,16,False,85,73,64,2,False,0,0,1,0,False,1,0,56,0,False,4,13,28,67,False,7,85,57,42,False,21,24,40,47,False,48,0,45,8,False,82,40,15,0,False,1,16,61,0,False
2024-01-28,8,9,27,68,False,1,0,0,14,False,80,72,66,3,False,0,0,1,0,False,1,0,40,0,False,3,15,34,46,False,7,91,56,37,False,20,24,34,46,False,42,0,43,9,False,83,43,18,0,False,1,16,56,0,False
2024-02-04,8,8,27,61,False,1,0,0,14,False,83,66,61,2,False,0,0,2,0,False,1,0,47,0,False,4,19,36,32,False,8,94,52,37,False,21,24,34,45,False,43,0,39,9,False,86,52,19,0,False,1,16,58,0,False
2024-02-11,8,8,26,56,False,1,0,0,12,False,75,65,58,2,False,0,0,1,0,False,1,0,49,0,False,4,24,39,22,False,7,90,53,35,False,25,26,33,48,False,45,0,37,9,False,85,54,17,0,False,1,14,56,0,False
2024-02-18,8,9,30,68,False,1,0,0,13,False,76,59,63,2,False,0,0,2,0,False,1,0,48,0,False,6,26,40,24,False,8,88,57,37,False,19,29,32,48,False,41,0,36,9,False,82,51,16,0,False,1,15,55,0,False
2024-02-25,8,9,31,65,False,1,0,0,13,False,78,68,64,2,False,0,0,1,0,False,1,0,45,0,False,5,36,42,19,False,8,96,56,36,False,20,26,33,51,False,39,0,37,9,False,80,55,16,0,False,1,15,61,0,False
2024-03-03,9,9,31,65,False,1,0,0,15,False,79,66,63,3,False,0,0,1,0,False,1,0,44,0,False,5,13,41,21,False,9,91,57,36,False,21,25,34,49,False,41,0,35,9,False,86,51,16,0,False,1,15,57,0,False
2024-03-10,8,9,30,67,False,1,0,0,14,False,79,65,64,3,False,0,0,1,0,False,1,0,41,0,False,5,10,42,26,False,8,88,54,37,False,20,23,33,47,False,44,0,33,9,False,83,52,16,0,False,1,15,55,0,False
2024-03-17,7,8,32,68,False,1,0,0,14,False,77,61,64,3,False,0,0,1,0,False,1,0,53,0,False,4,10,44,29,False,8,95,53,38,False,20,24,32,44,False,39,0,35,9,False,79,52,16,0,False,1,15,55,0,False
2024-03-24,5,6,24,59,False,0,0,0,13,False,68,63,56,2,False,0,0,1,0,False,1,0,44,0,False,3,5,29,16,False,6,85,55,42,False,25,26,32,56,False,39,0,31,7,False,60,44,17,0,False,1,14,58,0,False
2024-03-31,7,8,30,70,False,1,0,0,14,False,80,67,67,3,False,0,0,1,0,False,1,0,41,0,False,5,10,39,22,False,8,91,56,37,False,20,25,33,44,False,42,0,35,9,False,87,56,16,0,False,1,15,55,0,False
2024-04-07,8,9,32,65,False,3,0,0,13,False,77,66,68,3,False,0,0,1,0,False,1,0,41,0,False,5,12,45,26,False,9,88,55,36,False,20,23,31,42,False,44,0,32,9,False,80,68,16,0,False,1,15,59,0,False
2024-04-14,8,8,33,67,False,1,0,0,15,False,75,64,65,3,False,0,0,1,0,False,1,0,42,0,False,5,10,43,32,False,9,95,56,34,False,19,21,31,41,False,44,0,34,8,False,74,60,16,0,False,1,15,55,0,False
2024-04-21,8,9,33,65,False,1,0,0,13,False,77,62,63,3,False,0,0,2,0,False,1,0,39,0,False,6,10,44,22,False,9,91,58,36,False,20,23,30,43,False,43,0,32,8,False,72,55,16,0,False,1,16,56,0,False
2024-04-28,7,9,30,62,False,1,0,0,12,False,76,62,62,3,False,0,0,1,0,False,1,0,37,0,False,5,9,39,17,False,8,86,56,36,False,23,21,29,48,False,45,0,31,8,False,69,54,17,0,False,1,15,56,0,False
2024-05-05,7,10,30,60,False,2,0,0,12,False,77,60,62,3,False,0,0,1,0,False,1,0,39,0,False,9,11,40,19,False,8,86,58,37,False,21,20,29,45,False,54,0,29,8,False,72,50,16,0,False,1,16,55,0,False
2024-05-12,7,8,29,60,False,1,0,0,12,False,80,59,65,3,False,0,0,3,0,False,1,0,41,0,False,6,10,39,18,False,8,86,54,40,False,20,20,33,45,False,41,0,29,8,False,68,56,16,0,False,1,15,57,0,False
2024-05-19,8,9,32,59,False,1,0,0,13,False,79,64,65,3,False,0,0,2,0,False,1,0,43,0,False,7,10,40,18,False,8,79,56,40,False,20,20,32,43,False,39,0,30,8,False,75,65,15,0,False,1,15,56,0,False
2024-05-26,7,9,29,59,False,1,0,0,13,False,78,64,61,3,False,0,0,2,0,False,1,0,48,0,False,6,9,39,17,False,8,77,59,40,False,21,21,32,47,False,46,0,32,9,False,80,79,16,0,False,1,15,59,0,False
2024-06-02,7,9,28,56,False,1,0,0,16,False,78,59,81,2,False,0,0,16,0,False,1,0,40,0,False,6,9,40,15,False,8,76,53,41,False,20,21,34,52,False,38,0,30,8,False,68,60,17,0,False,1,16,57,0,False
2024-06-09,7,8,30,58,False,1,0,0,17,False,75,66,71,2,False,0,0,7,0,False,1,0,39,0,False,6,10,38,25,False,8,79,59,43,False,22,20,34,72,False,43,0,31,8,False,70,64,18,0,False,1,16,62,0,False
2024-06-16,7,8,28,55,False,1,0,0,14,False,77,68,74,2,False,0,0,1,0,False,1,0,58,1,False,10,10,32,14,False,8,76,56,44,False,20,21,32,89,False,53,0,31,8,False,72,62,17,0,False,1,15,63,0,False
2024-06-23,6,8,27,60,False,1,0,0,15,False,76,64,68,2,False,0,0,1,0,False,0,0,67,0,False,11,9,32,8,False,7,74,57,44,False,19,19,32,72,False,52,0,34,9,False,71,56,17,0,False,1,15,56,0,False
2024-06-30,6,8,23,53,False,1,0,0,16,False,79,62,60,2,False,0,0,1,0,False,0,0,72,0,False,8,8,30,10,False,7,71,57,46,False,20,21,33,68,False,56,0,32,8,False,66,58,16,0,False,1,14,58,0,False
2024-07-07,6,9,23,50,False,1,0,0,14,False,80,65,63,2,False,0,0,1,0,False,0,0,80,0,False,6,7,31,10,False,7,76,59,49,False,21,21,33,59,False,54,0,33,9,False,71,65,17,0,False,1,17,57,0,False
2024-07-14,6,7,24,50,False,0,0,0,15,False,78,65,61,2,False,0,0,1,0,False,0,0,68,0,False,4,7,26,11,False,7,75,56,48,False,23,21,36,56,False,50,0,33,8,False,75,51,17,0,False,1,16,58,0,False
2024-07-21,6,7,23,53,False,1,0,0,14,False,81,65,60,2,False,0,0,2,0,False,0,0,64,0,False,4,7,27,5,False,7,77,60,50,False,22,21,34,65,False,40,0,34,9,False,72,67,16,0,False,1,16,59,0,False
2024-07-28,6,7,23,60,False,1,0,0,14,False,77,63,59,2,False,0,0,18,0,False,0,0,65,0,False,5,8,29,5,False,7,69,56,46,False,22,19,33,59,False,37,0,31,9,False,69,46,16,0,False,1,15,60,0,False
2024-08-04,6,7,23,57,False,1,0,0,18,False,75,61,62,2,False,0,0,1,0,False,0,0,68,0,False,3,6,30,6,False,7,71,54,48,False,23,19,33,55,False,35,0,33,8,False,66,45,16,0,False,1,16,58,0,False
2024-08-11,6,6,24,57,False,1,0,0,15,False,77,64,60,2,False,0,0,1,0,False,0,0,66,0,False,4,7,37,10,False,7,72,62,47,False,25,21,35,60,False,39,0,32,9,False,69,48,17,0,False,1,17,59,0,False
2024-08-18,6,7,25,57,False,1,0,0,14,False,74,62,64,2,False,0,0,1,0,False,0,0,65,0,False,4,7,39,12,False,8,79,58,44,False,23,21,33,54,False,38,0,33,8,False,66,50,16,0,False,1,16,62,0,False
2024-08-25,7,7,27,59,False,1,0,0,14,False,72,60,61,2,False,0,0,1,0,False,1,0,68,0,False,4,6,46,9,False,8,76,64,40,False,22,20,31,47,False,38,0,33,9,False,70,48,17,0,False,1,16,55,0,False
2024-09-01,7,8,27,69,False,3,0,0,15,False,80,63,63,2,False,0,0,1,0,False,1,0,67,0,False,4,6,51,9,False,9,81,57,39,False,20,20,33,45,False,42,0,32,9,False,77,51,17,0,False,1,17,57,0,False
2024-09-08,7,8,30,61,False,1,0,0,15,False,74,59,61,2,False,0,0,1,0,False,1,0,64,0,False,5,7,49,8,False,8,88,57,37,False,20,20,31,42,False,39,0,30,9,False,79,52,17,0,False,1,17,56,0,False
2024-09-15,6,7,27,63,False,1,0,0,14,False,74,60,60,2,False,0,0,1,0,False,1,0,70,0,False,4,7,44,11,False,8,86,57,36,False,19,20,31,41,False,41,0,25,8,False,70,52,17,0,False,1,15,58,0,False
2024-09-22,6,8,30,78,False,1,0,0,13,False,74,59,61,2,False,0,0,1,0,False,1,0,72,0,False,5,9,46,9,False,8,90,57,37,False,19,27,31,42,False,34,0,30,8,False,69,50,16,0,False,1,15,59,0,False
2024-09-29,6,9,27,67,False,1,0,0,13,False,76,61,65,2,False,0,0,1,0,False,1,0,67,0,False,6,7,46,9,False,8,88,57,35,False,19,22,34,50,False,37,0,31,9,False,68,60,16,0,False,1,15,60,0,False
2024-10-06,6,8,28,58,False,1,0,0,12,False,75,61,65,2,False,0,0,1,0,False,1,0,78,0,False,8,7,40,9,False,8,88,58,37,False,19,20,33,48,False,38,0,31,8,False,67,62,16,0,False,1,15,59,0,False
2024-10-13,6,8,29,61,False,1,0,0,12,False,74,58,66,2,False,0,0,1,0,False,1,0,75,0,False,5,11,39,9,False,8,93,59,34,False,20,20,30,46,False,39,0,32,8,False,67,59,16,0,False,1,15,59,0,False
2024-10-20,6,8,27,61,False,1,0,0,12,False,73,58,65,2,False,0,0,2,0,False,1,0,83,0,False,6,9,38,12,False,9,98,58,32,False,19,20,30,44,False,42,0,32,9,False,70,55,16,0,False,1,15,58,0,False
2024-10-27,6,7,28,78,False,2,0,0,14,False,74,56,63,2,False,0,0,4,0,False,1,0,72,1,False,6,9,33,9,False,8,91,59,32,False,20,20,30,50,False,38,0,32,8,False,67,53,17,0,False,1,16,59,0,False
2024-11-03,6,8,27,60,False,1,0,0,20,False,75,57,70,2,False,0,0,21,0,False,1,0,80,1,False,7,7,37,10,False,8,88,55,31,False,18,21,32,50,False,37,0,32,9,False,69,54,16,0,False,1,15,57,0,False
2024-11-10,6,8,27,55,False,1,0,0,15,False,78,62,64,2,False,0,0,1,0,False,1,0,70,1,False,7,8,39,11,False,8,90,56,33,False,20,19,32,45,False,38,0,33,8,False,68,54,17,0,False,1,15,59,0,False
2024-11-17,7,8,27,57,False,1,0,0,13,False,70,58,61,2,False,0,0,1,0,False,1,0,73,0,False,6,8,34,10,False,8,92,57,31,False,20,20,32,45,False,36,0,31,9,False,69,54,16,0,False,1,15,59,0,False
2024-11-24,6,7,27,57,False,1,0,0,15,False,74,62,69,2,False,0,0,2,0,False,1,0,73,0,False,5,9,34,9,False,8,87,60,32,False,20,21,35,55,False,35,0,31,9,False,71,58,17,0,False,1,15,59,0,False
2024-12-01,5,7,25,57,False,1,0,0,14,False,70,59,68,2,False,0,0,1,0,False,1,0,72,0,False,4,12,33,8,False,8,95,52,33,False,21,23,32,50,False,32,0,31,9,False,67,60,17,0,False,1,14,62,0,False
2024-12-08,5,7,22,53,False,1,0,0,13,False,72,55,66,2,False,0,0,1,0,False,1,0,75,0,False,4,7,29,7,False,7,93,56,30,False,21,19,30,40,False,34,0,28,8,False,67,57,17,0,False,1,15,60,0,False
2024-12-15,5,6,20,46,False,1,0,0,18,False,69,57,61,2,False,0,0,1,0,False,0,0,70,0,False,3,6,23,5,False,6,83,56,29,False,20,19,28,39,False,35,0,28,9,False,67,54,20,0,False,0,15,60,0,False
2024-12-22,3,5,12,35,False,0,0,0,18,False,57,54,53,1,False,0,0,0,0,False,0,0,72,0,False,3,5,14,2,False,4,71,53,33,False,24,20,30,51,False,48,0,28,7,False,59,45,23,0,False,0,15,60,0,False
2024-12-29,4,5,12,36,False,0,0,0,14,False,62,58,56,1,False,0,0,0,0,False,0,0,72,0,False,3,6,18,4,False,4,77,54,36,False,26,20,32,47,False,32,0,37,7,False,59,54,21,0,False,0,18,61,0,False
2025-01-05,6,7,21,47,False,1,0,0,12,False,80,63,66,2,False,0,0,1,0,False,1,0,81,0,False,4,9,25,3,False,6,88,56,33,False,20,20,37,45,False,39,0,47,9,False,72,40,15,0,False,0,16,67,0,False
2025-01-12,7,7,25,51,False,1,0,0,12,False,77,64,63,2,False,0,0,1,0,False,1,0,79,0,False,4,8,27,5,False,7,96,58,38,False,20,21,36,43,False,34,0,42,10,False,79,41,16,0,False,1,15,65,0,False
2025-01-19,8,7,24,52,False,0,0,0,12,False,72,64,70,2,False,0,0,1,0,False,1,0,81,0,False,4,9,29,5,False,7,88,57,31,False,20,20,33,38,False,33,0,43,10,False,76,40,15,0,False,1,15,63,0,False
2025-01-26,7,8,26,57,False,1,0,0,14,False,76,61,65,2,False,0,0,1,0,False,1,0,71,0,False,4,12,31,4,False,7,90,63,30,False,20,20,31,41,False,35,0,40,10,False,79,42,16,0,False,1,18,63,0,False
2025-02-02,7,7,27,59,False,1,0,0,14,False,77,62,63,2,False,0,0,1,0,False,1,0,68,0,False,4,21,34,5,False,8,94,62,31,False,19,19,29,39,False,34,0,39,9,False,80,45,17,0,False,1,16,61,0,False
2025-02-09,7,8,28,55,False,0,0,0,11,False,74,61,62,2,False,0,0,2,0,False,1,0,72,0,False,5,24,36,6,False,8,88,59,30,False,23,19,28,42,False,35,0,36,10,False,75,47,17,0,False,1,16,59,0,False
2025-02-16,7,8,28,57,False,1,0,0,11,False,75,61,65,2,False,0,0,1,0,False,1,0,79,0,False,6,30,40,6,False,9,97,58,29,False,19,20,29,38,False,36,0,34,9,False,76,69,15,0,False,1,16,62,0,False
2025-02-23,7,7,28,57,False,1,0,0,11,False,76,58,62,2,False,0,0,1,0,False,1,0,74,0,False,6,42,37,6,False,9,93,58,29,False,19,18,29,37,False,34,0,32,9,False,76,56,16,0,False,1,17,58,0,False
2025-03-02,8,8,26,53,False,1,0,0,12,False,73,58,58,2,False,0,0,1,0,False,1,0,69,0,False,6,14,38,7,False,8,93,58,29,False,20,19,29,39,False,36,0,34,9,False,78,54,17,0,False,1,16,55,0,False
2025-03-09,7,8,28,58,False,1,0,0,11,False,77,56,63,2,False,0,0,1,0,False,1,0,67,0,False,10,10,38,6,False,8,93,58,29,False,18,18,29,35,False,36,0,32,10,False,81,50,15,0,False,1,16,58,0,False
2025-03-16,7,9,31,61,False,1,0,0,15,False,76,59,64,2,False,0,0,1,0,False,1,0,68,0,False,8,8,38,7,False,9,93,60,29,False,20,20,30,37,False,35,0,32,9,False,78,53,16,0,False,1,16,62,0,False
2025-03-23,6,8,30,68,False,1,0,0,12,False,79,61,65,2,False,0,0,1,0,False,1,0,70,0,False,7,10,40,8,False,9,96,58,28,False,19,20,30,36,False,36,0,31,10,False,73,58,16,0,False,1,16,59,0,False
2025-03-30,7,8,34,72,False,1,0,0,13,False,80,62,74,2,False,0,0,1,0,False,1,0,71,0,False,6,11,43,8,False,10,100,70,30,False,20,21,29,40,False,39,0,34,10,False,78,58,16,0,False,1,16,63,0,False
2025-04-06,6,8,30,59,False,2,0,0,16,False,79,61,66,2,False,0,0,1,0,False,1,0,70,0,False,7,13,40,7,False,9,94,59,30,False,19,20,30,41,False,35,0,31,10,False,73,57,16,0,False,1,16,58,0,False
2025-04-13,4,5,21,43,False,1,0,0,14,False,65,59,57,2,False,0,0,2,0,False,0,0,60,0,False,5,8,30,4,False,7,86,60,31,False,23,19,27,43,False,36,0,28,7,False,56,44,17,0,False,1,15,59,0,False
2025-04-20,6,6,25,54,False,1,0,0,13,False,75,61,60,2,False,0,0,1,0,False,1,0,67,0,False,5,10,38,7,False,9,95,60,30,False,21,19,30,36,False,38,0,31,10,False,69,52,16,0,False,1,16,57,0,False
2025-04-27,6,6,25,57,False,1,0,0,11,False,71,56,62,2,False,0,0,1,0,False,1,0,56,0,False,7,7,34,7,False,9,94,64,29,False,20,18,28,39,False,37,0,31,9,False,64,64,17,0,False,1,16,55,0,False
2025-05-04,6,8,29,60,False,2,0,0,12,False,81,63,63,2,False,0,0,1,0,False,1,0,66,0,False,10,10,41,7,False,9,92,61,28,False,20,18,29,38,False,43,0,29,10,False,69,79,17,0,False,1,15,56,0,False
2025-05-11,7,8,30,56,False,1,0,0,12,False,75,61,66,2,False,0,0,2,0,False,1,0,64,0,False,6,10,33,7,False,9,90,61,32,False,19,19,30,39,False,46,0,32,9,False,70,64,16,0,False,1,16,60,0,False
2025-05-18,6,7,30,57,False,1,0,0,11,False,75,59,62,2,False,0,0,2,0,False,1,0,69,0,False,8,11,34,6,False,9,84,60,29,False,18,19,30,56,False,33,0,30,9,False,70,56,15,0,False,1,15,60,0,False
2025-05-25,6,7,30,58,False,1,0,0,11,False,76,60,65,2,False,0,0,1,0,False,1,0,77,0,False,5,8,36,7,False,9,77,61,33,False,18,19,31,56,False,34,0,31,10,False,72,63,16,0,False,1,16,58,0,False
2025-06-01,7,8,29,62,False,1,0,0,11,False,81,65,67,2,False,0,0,2,0,False,1,0,74,0,False,6,9,38,8,False,10,86,64,37,False,19,20,36,54,False,39,0,33,10,False,71,62,17,0,False,1,17,61,0,False
2025-06-08,6,7,28,57,False,1,0,0,11,False,79,61,65,2,False,0,0,1,0,False,1,0,81,0,False,6,8,38,6,False,9,83,66,38,False,21,19,32,42,False,39,0,29,10,False,69,56,17,0,False,1,18,62,0,False
2025-06-15,6,7,26,54,False,1,0,0,11,False,75,63,62,2,False,0,0,1,0,False,0,0,83,1,False,9,10,34,5,False,10,88,61,39,False,21,20,34,43,False,37,0,30,9,False,70,56,16,0,False,1,16,61,0,False
2025-06-22,6,7,26,52,False,1,0,0,12,False,78,62,62,2,False,0,1,1,0,False,1,0,100,0,False,8,7,30,5,False,8,80,60,36,False,20,19,31,44,False,36,0,32,9,False,66,57,15,0,False,1,17,62,0,False
2025-06-29,6,8,25,48,False,1,0,0,13,False,79,64,64,2,False,0,0,1,0,False,0,0,82,0,False,7,7,31,4,False,9,78,63,35,False,21,19,33,50,False,36,0,33,9,False,74,66,16,0,False,1,16,63,0,False
2025-07-06,6,8,24,50,False,1,0,0,13,False,72,65,65,2,False,0,0,1,0,False,0,0,68,1,False,7,7,28,6,False,8,78,61,40,False,21,19,36,51,False,37,0,35,9,False,75,64,17,0,False,1,16,63,0,False
2025-07-13,6,7,25,49,False,1,0,0,12,False,80,66,69,2,False,0,0,1,0,False,0,0,65,0,False,6,8,29,4,False,8,81,64,41,False,21,21,35,48,False,38,0,33,10,False,78,71,18,0,False,1,17,64,0,False
2025-07-20,6,8,24,51,False,1,0,0,12,False,80,68,70,2,False,0,0,1,0,False,1,0,65,1,False,4,7,28,3,False,8,87,71,41,False,23,21,35,46,False,40,0,35,10,False,83,73,17,0,False,1,17,70,0,False
2025-07-27,7,10,25,52,False,1,0,0,13,False,83,77,75,2,False,0,0,1,0,False,1,0,74,0,False,4,9,30,3,False,8,86,68,39,False,24,21,35,47,False,37,0,36,10,False,88,69,18,0,False,1,17,66,0,False
2025-08-03,6,11,27,57,True,1,0,0,12,True,85,83,79,3,True,0,0,1,0,True,1,0,73,0,True,4,10,29,3,True,10,93,74,40,True,25,22,35,47,True,36,0,38,10,True,100,59,17,0,True,1,18,73,0,True
